,자치구,동,동별_승용차수,edu_percent,동별_친환경자동차수,합계_사업체수,㎡당 매매평균가,가구수별_승용차수,동별_수소차_대수,택시,동별_수소차_비율,승용차수_percentage,interval_1,interval_2,sum_2
0,강남구,신사동,2472.428898919177,0.38288784745917875,0.3907707641398413,0.270683852943044,0.340080971659919,0.5801374449210355,0.3008653136757146,0.6915938226502361,0.006290338855147619,247.24288989191768,10,10,2.957020017448969
1,강남구,논현1동,3339.645861836541,0.5189478267635202,0.5285264193821064,0.34770461616610576,0.34367971210076476,0.43850806546180043,0.5388788573610922,0.6981356903465393,0.01122159329032222,333.9645861836541,10,10,3.414381187581929
2,강남구,논현2동,3095.775790798479,0.48068640172547156,0.4897881533352659,0.3454187567464601,0.34367971210076476,0.5019763110509374,0.43623928540990603,0.6854419909175264,0.009095067897810262,309.57757907984796,10,10,3.2832306112863323
3,강남구,삼성1동,2116.9643275313133,0.32711806400872756,0.33430593810343895,0.258238618324973,0.5416104363472785,0.663095332537292,0.22484397733755118,0.7110333994479584,0.004715300114995038,211.69643275313135,10,10,3.0602457661072195
4,강남구,삼성2동,4232.263065505166,0.6589929174975503,0.6703168513384137,0.2309987935741952,0.5416104363472785,0.5954846779493588,0.5036463060156998,0.6831623992835937,0.010491631993186349,423.22630655051665,10,10,3.88421238200609
5,강남구,대치1동,3551.869731282868,0.5522441949383504,0.5622377505065341,0.06546447393485301,0.6104363472784525,1.0,0.250859210849308,0.6821694278796775,0.005254293542220058,355.1869731282868,10,10,3.723411405387176
6,강남구,대치4동,2951.563494948425,0.4580605504935236,0.466880322701989,0.2283954536795987,0.6104363472784525,0.5183005641787437,0.4026865256323257,0.6990497661806618,0.008399909156405809,295.1563494948425,10,10,3.383809530145295
7,강남구,역삼1동,5116.274723126917,0.7976878611898283,0.8107403097631877,0.9834275192075688,0.4574898785425101,0.4354046294998152,0.8328854533068738,0.6818742951860901,0.017312932916544052,511.6274723126917,10,10,4.9995099466958735
8,강남구,역삼2동,5110.861557065173,0.7968385751474357,0.8098804393159328,0.2144898088767541,0.4574898785425101,0.6560600183627283,0.5525756193755603,0.677808647442823,0.01150536797551685,511.0861557065173,10,10,4.165142987063744
9,강남구,도곡1동,3170.7273208841675,0.49244574692783144,0.5016940518357178,0.10070480665439076,0.4188034188034188,0.6846669809269553,0.3274404777100755,0.6659672677681162,0.006840933134283112,317.0727320884168,10,10,3.1917227506265062
10,강남구,도곡2동,4816.885000173531,0.7507158100759573,0.7631828596419382,0.11149914280271764,0.4188034188034188,0.7283159974132997,0.4689306136142494,0.6948118770290931,0.009772379174737066,481.68850001735314,10,10,3.9362597193806743
11,강남구,개포1동,1082.6332123488226,0.16483910021616124,0.1700045387972034,0.02317607467140771,1.0,0.22911772037427877,0.3311446334749946,0.6885348287237448,0.006917677231537006,108.26332123488226,10,10,2.6068168962577905
12,강남구,개포4동,2626.079535594836,0.40699450512401636,0.41517785606576757,0.13207187757952885,1.0,0.5197978570039035,0.3569445090934421,0.6984651842575973,0.007452208792642612,262.60795355948363,10,10,3.5294517891242556
13,강남구,일원본동,3439.581235284125,0.5346269537000002,0.5444009507160422,0.021969648866594704,0.47863247863247865,0.7491684504493243,0.324726968254379,0.6921413559865398,0.006784713621178515,343.9581235284125,10,10,3.345666806605359
14,강남구,일원1동,2378.46188805249,0.36814511282584966,0.37584429509390443,0.1308019556797257,0.47863247863247865,0.5641669993304105,0.2975488021187523,0.8019990617579188,0.006221626116908669,237.846188805249,10,10,3.0171387054390397
15,강남구,일원2동,2303.093960577438,0.35632043792792123,0.3638722527128945,0.03454187567464601,0.47863247863247865,0.6128998940359963,0.26502976022905633,0.7340432567830157,0.005547884332877394,230.3093960577438,10,10,2.8453399559960086
16,강남구,수서동,2279.2205102538487,0.3525748687153177,0.3600800035608987,0.0904819353609753,0.4394961763382816,0.5388644998132993,0.2984533052706511,0.6967521529319939,0.0062403659546102,227.9220510253849,10,10,2.7767029419914175
17,강남구,세곡동,6307.726453229775,0.9846178967769711,1.0,0.05860689567591593,0.3049932523616734,0.7196156784180234,0.6223515768077557,0.8248656748018504,0.01295101259820647,630.7726453229775,10,10,4.51505097484219
18,강남구,압구정동,3906.6403070217907,0.6079050955628535,0.6185923367420062,0.255825766715347,0.7156995051731894,0.6804151838861937,0.406606039290554,0.6811356575837245,0.008481115119779115,390.6640307021791,10,10,3.9661795849538684
19,강남구,청담동,4189.651732660155,0.6523075119843571,0.6635481275613051,0.2749380913073846,0.5393612235717499,0.629145769341324,0.47185948096325514,0.6848344318452875,0.009833060553961074,418.96517326601554,10,10,3.915994636574663
20,강남구,대치2동,5574.589449687919,0.86959407944574,0.8835426742974322,0.24528541494698075,0.6104363472784525,0.7216599672155335,0.5481392467733898,0.6963831786186684,0.011413453533456953,557.4589449687919,10,10,4.575040908576197
21,강남구,개포2동,1923.061943217043,0.2966962024389187,0.30350493772356635,0.036954727284272015,1.0,0.3126233676750262,0.43348270437554776,0.688833816284009,0.009037956011481784,192.3061943217043,10,10,3.07209575578134
22,강동구,강일동,1144.612409705501,0.516231951243385,0.20261519359629787,0.05416216902660487,0.13630229419703105,0.18436757417486552,0.05754085544450443,0.642494486653826,0.0012490508878325566,114.46124097055011,7,7,1.793714524336515
23,강동구,상일동,387.1687627338396,0.1712963706848815,0.06723188525054552,0.05549558702139818,0.19208277103013946,0.07414237690348581,0.04673882289363158,0.627907385470986,0.0010252503002668137,38.71687627338397,10,3,1.234895199255068
24,강동구,명일1동,781.5330663085757,0.3508876584974663,0.13771943151867588,0.09924439646961712,0.22807017543859648,0.16546356550949823,0.043033232837697194,0.6295605498238994,0.0009484764868302972,78.15330663085757,6,6,1.6539790100954506
25,강동구,명일2동,626.3944248934988,0.28023839296132114,0.10999039502729945,0.06552797002984316,0.22807017543859648,0.18630172530164874,0.029909268056262903,0.6223769191420667,0.0006765692309093014,62.63944248934988,5,5,1.5224148459570386
26,강동구,고덕1동,954.851745693647,0.4298160111667962,0.16869791593409222,0.03885961013397676,0.249212775528565,0.29903372132582207,0.02846028732926292,0.610434333601239,0.0006465487012963045,95.4851745693647,7,7,1.8245146550197542
27,강동구,고덕2동,267.9730644563808,0.1170153194808838,0.045927187484708656,0.09930789256460727,0.249212775528565,0.11593245884450167,0.01948135757834498,0.6330934420261608,0.00046051984566166846,26.797306445638085,3,4,1.2799704335077722
28,강동구,암사2동,511.37005463974816,0.22785694109954563,0.08943126848686368,0.04838402438250047,0.18893387314439947,0.1458303509463349,0.03115634163277928,0.6155181911405962,0.0007024065719696674,51.137005463974816,4,4,1.3471109908330197
29,강동구,암사3동,658.4788896091868,0.2948494779019131,0.11572508036934301,0.03251000063496095,0.18893387314439947,0.1845378095228664,0.03190458577868911,0.6106241930921623,0.0007179089766058872,65.84788896091868,5,5,1.4590850204443344
30,강동구,천호1동,1013.0765326912393,0.4563312519853135,0.17910484762198273,0.09352974792050289,0.1286549707602339,0.14526770240231537,0.0646729286130576,0.6357905262456719,0.0013968158717063642,101.30765326912393,7,6,1.703351975549078
31,강동구,천호3동,993.0541581774403,0.44721317514264725,0.1755261057400574,0.11156263889770779,0.1286549707602339,0.14689364819067913,0.06262416488020928,0.6365688309940782,0.0013543688113929059,99.30541581774403,7,6,1.709043534605613
32,강동구,성내1동,729.8433598814596,0.32734845664843004,0.1284805614172471,0.12699218998031622,0.1381016644174539,0.17628214002076598,0.03742734018897594,0.6358458056001834,0.00083233148701608,72.98433598814596,5,6,1.5704781582733727
33,강동구,성내2동,894.2284450824226,0.40220850072650105,0.15786228079159603,0.1174677757317925,0.1381016644174539,0.12839272527257503,0.0643997601153445,0.6289422732160778,0.00139115626366457,89.42284450824226,6,6,1.6373749802713409
34,강동구,성내3동,839.6535701055751,0.37735540933242806,0.14810772392593138,0.14762842085211758,0.1381016644174539,0.1438702652164829,0.053663050466098726,0.6165079558214753,0.0011687090606305609,83.96535701055751,6,6,1.6252344900319877
35,강동구,둔촌1동,11.019258195962216,0.0,0.0,0.0,0.45883940620782726,0.0,0.03214212360278747,0.6370819151788646,0.0007228303749030997,1.1019258195962216,10,3,1.1280634449894793
36,강동구,둔촌2동,982.347749583256,0.4423375368309438,0.1736124729281946,0.09683154485999111,0.45883940620782726,0.1612205981457869,0.05628190497678311,0.6395350318822309,0.0012229674768573296,98.2347749583256,9,8,2.0286584958317575
37,강동구,암사1동,1312.5778847934805,0.5927224847568632,0.2326368616057827,0.11645183821194996,0.18893387314439947,0.1491427256246152,0.08238137339959022,0.6229437193984501,0.0017637061147635635,131.25778847934805,9,8,1.9852128761416505
38,강동구,천호2동,1266.1023383959994,0.5715577820856049,0.22432995553610538,0.2303638326242936,0.1286549707602339,0.13339949512686625,0.0888364637694631,0.6413191749837316,0.0018974451134903157,126.61023383959994,9,8,2.018461674886299
39,강동구,길동,1639.7142850527875,0.7416985631706344,0.2911082849578651,0.2509365674011048,0.13540260908681961,0.1383788495444206,0.11168760244772516,0.6286150548596561,0.0023708836296821674,163.97142850527877,9,9,2.2978275314682257
40,강북구,번1동,361.424969419197,0.22766506592526806,0.06452790075685282,0.11010222871293415,0.04678362573099415,0.0627667741766998,0.044572230557752536,0.05734068061752945,0.0009803620224819087,36.1424969419197,10,1,0.6137585064780309
41,강북구,번2동,316.8895343975969,0.19899342654931187,0.056333965149252783,0.03657375071433107,0.04678362573099415,0.07220296101414313,0.03354404840774501,0.04701421785054687,0.000751875982162183,31.68895343975969,10,1,0.4914459954163249
42,강북구,번3동,343.37544555068666,0.21604489338143543,0.06120702522808161,0.05143183694202807,0.04678362573099415,0.07546558282497991,0.03494461716621256,0.05053874220679321,0.0007808934943382534,34.33754455506867,10,1,0.5364163234805249
43,강북구,수유1동,404.40347459857867,0.2553343634368617,0.07243538170500018,0.08444980633691028,0.0346378767431399,0.07293602046088601,0.043119788882304694,0.04890623348087753,0.0009502697876326503,40.44034745985787,10,1,0.6118194710459803
44,강북구,수유2동,407.80699564900976,0.2575255293729104,0.07306158491403626,0.07854466950282557,0.0346378767431399,0.07828036858885111,0.04046908282461238,0.045406572230952034,0.0008953514590327537,40.78069956490098,10,1,0.6079256841773276
45,강북구,수유3동,439.56112289611815,0.2779686413507263,0.07890392761961774,0.1488348466569306,0.0346378767431399,0.06831086678064627,0.050335311634261644,0.04337214961852272,0.001099763711473073,43.956112289611816,10,1,0.7023636204038451
46,강북구,삼양동,481.1094250809037,0.30471718296366107,0.08654826998524462,0.06882976696933138,0.0931174089068826,0.06947260475807403,0.05442289749230771,0.043958665208064136,0.0011844518581202714,48.110942508090375,10,1,0.7210667962835655
47,강북구,미아동,420.515888082003,0.26570743621921983,0.07539985434352213,0.0995618769445679,0.0931174089068826,0.06779385861837103,0.04840563912259522,0.031525440160679964,0.0010597840280304868,42.05158880820031,10,1,0.6815115143158387
48,강북구,송중동,534.9502314850657,0.3393795632498781,0.09645427181329441,0.11810273668169408,0.0931174089068826,0.07004791988721591,0.06032084815296554,0.030686812810093767,0.001306647826061724,53.495023148506576,10,2,0.8081095615020244
49,강북구,송천동,534.4071164238268,0.33902990911114694,0.0963543457692993,0.12724617436027685,0.0931174089068826,0.07015443918112119,0.060165229402024706,0.05248489284535102,0.0013034236580421606,53.44071164238268,10,2,0.8385523995761026
50,강북구,삼각산동,606.9129770992366,0.3857087366317586,0.10969447264264812,0.0427328719283764,0.0931174089068826,0.08652653251586191,0.055652285624740346,0.06198648185268167,0.0012099227854748223,60.69129770992367,2,2,0.8354187901029496
51,강북구,우이동,396.38347552761564,0.250171137321598,0.07095980712200554,0.058860880055876565,0.02699055330634278,0.08044363587252179,0.03817111260238599,0.05518463593420927,0.0008477412446105346,39.638347552761566,10,1,0.58078176221494
52,강북구,인수동,598.2593437901616,0.3801375806879754,0.10810231767499252,0.09238681821068004,0.04678362573099415,0.07738265366209658,0.06135830649257114,0.040297579881826924,0.0013281422795254798,59.82593437901616,10,1,0.8064488823411368
53,강서구,염창동,1509.32867691278,0.5939660843965598,0.4083063327853028,0.12851609626008,0.14260008996851103,0.185520343551403,0.07701000146190992,0.8433641710582495,0.0016524200035594404,150.932867691278,10,9,2.3792831194820163
54,강서구,등촌1동,866.8998676299803,0.3390151863216719,0.23367700830024093,0.113658010032383,0.13765182186234817,0.14881592752011333,0.05412916041585867,0.8668155415829629,0.001178366102500712,86.68998676299805,8,8,1.893762656035579
55,강서구,등촌2동,813.9099784463835,0.317985899276888,0.21927293983544033,0.0403200203187504,0.13765182186234817,0.17695579922831375,0.04230809189534174,0.8483280552346211,0.0009334527430855133,81.39099784463836,7,7,1.7828226276517034
56,강서구,등촌3동,1224.6184181534136,0.48097747754552267,0.3309144732629679,0.16223252269985397,0.13765182186234817,0.14500472662970912,0.07966554575936886,0.8612562524429797,0.0017074385726369929,122.46184181534136,9,9,2.1977028202027507
57,강서구,화곡본동,1339.0986579104754,0.5264094997651914,0.3620332628421309,0.07962410311765826,0.13405308142150246,0.15624355013834101,0.08101429850638525,0.8589441708700062,0.0017353825411301064,133.90986579104754,9,9,2.1983219666612155
58,강서구,화곡2동,737.4794230058764,0.28765407344909893,0.19849707164003003,0.04736808686265795,0.13405308142150246,0.16063406127979168,0.042146241565699766,0.8411171124872722,0.0009300994668663397,73.74794230058764,7,6,1.711469728706053
59,강서구,화곡3동,836.4306813494121,0.32692334627092123,0.22539466893298055,0.0704806654390755,0.13405308142150246,0.1641761238086217,0.047091668304759846,0.8568501501608574,0.0010325606846744223,83.64306813494122,7,7,1.8249697043387187
60,강서구,화곡4동,835.1059341198222,0.32639761409480156,0.22503456722136056,0.08762461108641818,0.13405308142150246,0.15116261203556716,0.05120986002564988,0.8370057473103384,0.0011178829351400621,83.51059341198223,7,7,1.812488093195638
61,강서구,화곡6동,914.0755884170433,0.35773709326015324,0.2465006303640426,0.11073718966283573,0.13405308142150246,0.1538902531813783,0.05528609054996605,0.8652486243873012,0.001202335817697027,91.40755884170433,8,8,1.9234529628271797
62,강서구,화곡8동,987.4150669885076,0.3868422106769966,0.2664362612323396,0.07346498190361293,0.13405308142150246,0.15586260459575157,0.059164504004719835,0.8342828842541602,0.001282690251541669,98.74150669885077,8,8,1.910106528089083
63,강서구,가양1동,1234.8116121144244,0.48502269456733177,0.33368525587737746,0.21652168391643914,0.2109761583445794,0.23037598161703865,0.0499690074983948,0.8658302481100991,0.0010921744841263976,123.48116121144244,10,9,2.3923810299312604
64,강서구,가양2동,580.0552938896078,0.2251795665202198,0.15570498490918488,0.031303574830147944,0.1659919028340081,0.12490965136432033,0.04241599211510305,0.863340956356906,0.0009356882605649625,58.00552938896078,6,6,1.6088466289298902
65,강서구,가양3동,607.7645901085301,0.23617613120405487,0.16323711237723681,0.05111435646707727,0.1659919028340081,0.1320301487366902,0.042080302542512306,0.8610589175401504,0.0009287333172955653,60.77645901085302,6,6,1.65168887170173
66,강서구,발산1동,1430.6902094229565,0.5627580382752381,0.38693029507052573,0.14210426058797385,0.2109761583445794,0.1836952448944907,0.07359316116946842,0.8571427336806385,0.0015816286167102199,143.06902094229565,10,9,2.4171998920229143
67,강서구,공항동,1054.130809412022,0.413318667213242,0.28457138354253647,0.12661121341037526,0.09626630679262259,0.1915830769882348,0.051221848938956684,0.8612193165068487,0.001118131325971112,105.41308094120221,8,8,2.0247918133928167
68,강서구,방화1동,1705.8696478361067,0.6719642941925258,0.4617314228342612,0.16350244459965713,0.10526315789473684,0.1893935430249572,0.08558207447628075,0.8671075622327484,0.0018300194477601172,170.58696478361068,10,9,2.544544499255167
69,강서구,방화2동,897.5530465813248,0.35118004473021724,0.2420093617941152,0.20420344148834846,0.10526315789473684,0.14518499956632452,0.057581967448220604,0.8600184380915715,0.0012499026618430823,89.75530465813249,8,8,1.965441411013534
70,강서구,방화3동,916.7250828762233,0.3587885576123924,0.2472208337872826,0.05117785256206743,0.10526315789473684,0.14361431732926216,0.05953016586057761,0.8668848923973324,0.0012902661718886908,91.67250828762234,7,7,1.8324797774436514
71,강서구,화곡1동,2012.4014373495513,0.7936128782779774,0.5450549577730037,0.19061527716045462,0.13405308142150246,0.1491146910542157,0.12902390184351512,0.8444679268474781,0.0027300636240694194,201.24014373495515,10,10,2.7859427143781472
72,강서구,우장산동,1707.6359774755595,0.672665270427352,0.46221155844975453,0.10045082227443013,0.19973009446693657,0.18567227372546696,0.087416378212223,0.8628806342830583,0.0018680232449107513,170.76359774755596,10,9,2.5710270318392214
73,관악구,보라매동,551.1681486039535,0.43066480422572406,0.11534641278674636,0.08286240396215633,0.12910481331533963,0.08157254784712777,0.02722442644994683,0.9051664904922847,0.0006209436691287142,55.11681486039535,6,7,1.7719418990793256
74,관악구,청림동,345.0699292362125,0.26774996108722954,0.07147847297610478,0.021842656676614388,0.12910481331533963,0.09029028777021385,0.014266307017905329,0.9105081846734567,0.0003524724597539911,34.50699292362125,4,5,1.5052406835168641
75,관악구,행운동,635.5199676947927,0.4973425436928014,0.13330067039337104,0.08749761889643787,0.12910481331533963,0.06726862862327718,0.03883383800350913,0.9012593794574726,0.0008614718396136127,63.551996769479274,7,7,1.854607492382209
76,관악구,낙성대동,371.23152065225753,0.28842996295659784,0.07704695930806042,0.07752873198298305,0.12910481331533963,0.06156218811820086,0.023685106801699548,0.9025735837590689,0.0005476147087566484,37.12315206522575,5,5,1.5599313462419504
77,관악구,중앙동,328.1369279286209,0.25436490002094253,0.06787428908526998,0.05879738396088641,0.12910481331533963,0.06788368599158842,0.018536753729640316,0.9021642454092296,0.00044094918658789216,32.81369279286209,4,5,1.498726071512897
78,관악구,인헌동,569.8549996154143,0.4454362341324156,0.11932390302385754,0.05860689567591593,0.12910481331533963,0.06946113243320425,0.03341131228264201,0.9119483020329618,0.0007491259050216683,56.98549996154143,6,7,1.7672925928963368
79,관악구,남현동,396.66234135835714,0.3085323111424641,0.08245990132906754,0.04724109467267763,0.13000449842555106,0.08048122746966521,0.019104484972121295,0.8568360096413107,0.00045271165675712027,39.666234135835715,5,5,1.5246595276528576
80,관악구,서원동,499.7010114606569,0.38998148051623277,0.10439164917280336,0.0768302749380913,0.07737291947818263,0.0651930585012479,0.03094098902267598,0.9065210673276409,0.0006979448153097099,49.970101146065694,5,6,1.651231438956875
81,관악구,신원동,420.0678832397508,0.32703373340548225,0.08744176340258887,0.04730459076766779,0.07737291947818263,0.07153384693841316,0.023167225131729096,0.8991526917783876,0.0005368850408461819,42.00678832397509,4,5,1.5330067709024515
82,관악구,서림동,519.4944581186063,0.4056276431436559,0.10860467793792222,0.07676677884310115,0.12910481331533963,0.06309256042121002,0.03338638749638674,0.8970933083911626,0.0007486095038922875,51.949445811860635,6,7,1.7136761695487783
83,관악구,신사동,552.0868317821706,0.43139099742784104,0.11554195420622447,0.08140199377738269,0.07737291947818263,0.06800431219685223,0.03300143801977768,0.9103364256383063,0.000740633975338518,55.208683178217065,10,7,1.717050040744567
84,관악구,신림동,464.6866548727021,0.36230361688101287,0.09693885461678614,0.09886341989967617,0.07737291947818263,0.05511181836390116,0.034003968311378245,0.9047736268318292,0.000761404776320277,46.468665487270215,5,6,1.6293682243827663
85,관악구,난향동,348.53587031766784,0.2704896899861244,0.07221619742231755,0.020572734776811225,0.12910481331533963,0.09563320893088961,0.013507485747467334,0.9102488019264973,0.00033675091425951063,34.853587031766786,4,5,1.511772932105447
86,관악구,조원동,413.90853011306825,0.3221649380731091,0.08613074706745168,0.13416724871420407,0.07737291947818263,0.06831684690120071,0.023937124084947203,0.8869358027856248,0.0005528360979537203,41.39085301130683,5,6,1.59902562710472
87,관악구,대학동,518.2834666564112,0.40467038846813835,0.10834691879406473,0.09949838084957775,0.12910481331533963,0.0582487399383931,0.03614749992933083,0.9005151866651846,0.0008058152734470211,51.82834666564112,6,7,1.736531927960029
88,관악구,은천동,747.4114029690022,0.5857895748324214,0.1571167264611684,0.09765699409486317,0.12910481331533963,0.08343736416429626,0.03701986744826501,0.8984568103017583,0.0008238893129753472,74.74114029690023,8,8,1.988582150618112
89,관악구,성현동,689.7013960464582,0.5401714382267282,0.14483317001940843,0.04920947361737253,0.12910481331533963,0.09265531132661702,0.03041756851131547,0.9043915969993396,0.0006871003915927143,68.97013960464582,7,8,1.890783372016121
90,관악구,청룡동,631.4276517190985,0.49410768306519054,0.13242962225205954,0.11137215061273732,0.12910481331533963,0.059399302355283554,0.043766176261356086,0.9056550819094163,0.0009636618853277358,63.14276517190986,7,7,1.875834829771383
91,관악구,난곡동,615.6012460579956,0.48159735471963494,0.12906097688923243,0.05530509873642771,0.07737291947818263,0.08266639070872561,0.030301252842124243,0.8976409601292379,0.0006846905196556041,61.56012460579956,6,7,1.7539449535035656
92,관악구,삼성동,544.2780247673256,0.425218355209849,0.11387985214066071,0.0603212902406502,0.12910481331533963,0.08352415531238547,0.026183124268615864,0.8969393983563303,0.000599369577501252,54.427802476732566,6,7,1.7351709888438314
93,관악구,미성동,695.1717367894777,0.5444955886575138,0.1459975302899371,0.09499015810527653,0.07737291947818263,0.08727777754671602,0.032669107536374184,0.8942119633242326,0.0007337486269467749,69.51717367894777,7,7,1.8770150449382328
94,광진구,화양동,954.6247510530558,0.38681271109167864,0.12483416840297858,0.14826338180201917,0.17408906882591094,0.0921309527927639,0.06823499005265278,0.2486140293108487,0.001470616005095359,95.46247510530559,4,4,1.2429793022788527
95,광진구,군자동,847.8240864758815,0.3429758088296449,0.11064773394150172,0.09384722839545367,0.0827710301394512,0.12042094005250743,0.04585797065087112,0.2504563447484661,0.0010070004710277353,84.78240864758816,3,3,1.0469770567578962
96,광진구,중곡1동,635.0309785669817,0.2556337430253981,0.08238222181987814,0.09587910343513874,0.058029689608636977,0.14762850603481212,0.027088361875908816,0.25427585850221973,0.0006181246319268564,63.503097856698176,2,2,0.9209174843019925
97,광진구,중곡2동,873.6101928782982,0.3535598537001179,0.11407292712679522,0.09651406438504032,0.058029689608636977,0.15763314031638842,0.035742740144736454,0.26377648545858645,0.0007974293074551038,87.36101928782983,3,3,1.0793289007403017
98,광진구,중곡3동,686.7186515497368,0.2768492240120329,0.08924794487636944,0.07797320464791416,0.058029689608636977,0.15136383995208663,0.028736612067855806,0.23379032709173111,0.0006522737015279546,68.67186515497369,2,2,0.9159908422566271
99,광진구,중곡4동,1199.2078946162785,0.4872031665422101,0.15732238137691923,0.09276779478062099,0.058029689608636977,0.1662355656230024,0.04740400377665084,0.25290440255248986,0.0010390317688706257,119.92078946162786,4,4,1.2618670042605302
100,광진구,능동,457.6456585539383,0.18282499256568158,0.058819960042239654,0.04324084068829767,0.21322537112010798,0.12763944585309023,0.02204139423390058,0.24326332383842614,0.0005135596513653539,45.76456585539383,2,2,0.8910553283417437
101,광진구,구의1동,896.0479541209984,0.36276955244561915,0.11705335642086405,0.11073718966283573,0.21322537112010798,0.13523092471764633,0.04312366413089702,0.2674001498901824,0.0009503500764956808,89.60479541209985,4,4,1.2495402083881526
102,광진구,구의2동,1076.6276723898636,0.4368894607027226,0.14103993317518818,0.07587783351323893,0.21322537112010798,0.18428941731854723,0.03794040706733244,0.269620816868161,0.0008429614002565679,107.66276723898636,5,4,1.3588832397652983
103,광진구,구의3동,1172.9214607762026,0.4764137596070861,0.15383072921937374,0.16191504222490316,0.21322537112010798,0.17928430444685609,0.04279571771027708,0.26394252297210463,0.0009435555587714311,117.29214607762026,5,5,1.4914074473007088
104,광진구,광장동,1397.4145333811239,0.5685581383077861,0.18365035884596637,0.08362435710203822,0.26180836707152494,0.20432124063620694,0.044963571321907626,0.2619479853401513,0.0009884699681434184,139.7414533381124,7,6,1.6088740186255817
105,광진구,자양1동,942.0011049336637,0.3816312682297157,0.12315735741077515,0.1021652168391644,0.20602789023841656,0.1461371842046226,0.041952426914397226,0.26009528221588685,0.0009260839417662182,94.20011049336637,4,4,1.2611666260529784
106,광진구,자양2동,1055.883327090009,0.42837483356065553,0.13828444194104902,0.08794209156136898,0.20602789023841656,0.1704493177660767,0.04033824907783931,0.2507110671635566,0.0008926407960845224,105.58833270900091,4,4,1.3221278913089627
107,광진구,자양3동,1159.6820270412304,0.4709795634347834,0.1520721225690141,0.0794336148326878,0.20602789023841656,0.18379801151594247,0.04119431700699007,0.24179553510677715,0.0009103771345595114,115.96820270412304,5,4,1.3753010547046116
108,광진구,자양4동,925.7597065727383,0.3749648996695074,0.12099999692690373,0.12026160391135945,0.20602789023841656,0.1153994503506714,0.052574483706944515,0.23193876522160398,0.0011461557236399625,92.57597065727384,4,3,1.2221670900254071
109,구로구,신도림동,1013.1925876766876,0.5210179935694794,0.20729050664326418,0.1753762143628167,0.17363922627080522,0.13100194297128154,0.09459599804014956,0.752444663482481,0.002016773318419721,101.31925876766877,9,8,2.0553665453402776
110,구로구,구로1동,590.1917529864123,0.3014015920496771,0.11992589306377215,0.04025652422376024,0.09536662168241115,0.12768516657806647,0.0553940871933259,0.7466978568383752,0.0012045733329169852,59.01917529864124,10,5,1.4867277416293883
111,구로구,구로3동,726.5680409408739,0.3722063450358437,0.14809241360331415,0.4524096768048765,0.09536662168241115,0.08874555090165795,0.09916787536761072,0.8358470197703834,0.002111495198523816,72.65680409408739,10,8,2.0918355031660973
112,구로구,구로4동,731.7127912863808,0.37487743091780257,0.14915498627229548,0.12318242428090673,0.09536662168241115,0.09628118551258275,0.09210858681622577,0.803682952968563,0.0019652381938207136,73.17127912863809,10,7,1.7346541884507873
113,구로구,구로5동,918.1089818146988,0.47165185135317145,0.18765238349402785,0.3050987364277097,0.09536662168241115,0.10244097569754619,0.10932674176812185,0.8139440728793946,0.0023219704270263037,91.8108981814699,10,8,2.085481383302383
114,구로구,고척1동,664.2115118840737,0.33983166536707504,0.13521358779864504,0.15797828433551336,0.06477732793522267,0.11853651005927794,0.06760642391888314,0.7590815893496328,0.0014575931346865665,66.42115118840738,10,6,1.6430253887642499
115,구로구,고척2동,795.7662798812278,0.40813314938533246,0.16238429416149777,0.08286240396215633,0.06477732793522267,0.11532634906947616,0.08382496501443604,0.7616087293477073,0.001793614990716855,79.57662798812278,10,6,1.6789172188758286
116,구로구,개봉2동,908.142711511884,0.4664774965033033,0.1855939966483572,0.06781382944948885,0.06297795771479982,0.12401864832256167,0.08929571991814374,0.7620096226213339,0.0019069601557227705,90.81427115118841,10,7,1.7581872711779885
117,구로구,개봉3동,596.7910400788166,0.30482785404486,0.12128887894806759,0.0563845323512604,0.06297795771479982,0.12133517209981753,0.059043840110672006,0.7835031143276853,0.0012801902914407622,59.67910400788167,10,5,1.5093613495971627
118,구로구,오류1동,610.1242935920418,0.3117503017494131,0.12404266675511343,0.06495650517493175,0.051731893837157,0.1105200388338235,0.06643633328083799,0.7527715678100787,0.0014333507552022982,61.012429359204184,10,5,1.4822093074413556
119,구로구,오류2동,1222.8344302896787,0.6298612470735946,0.250588952102331,0.09352974792050289,0.06027890238416554,0.12902543142491374,0.11649451554422621,0.7867623024771301,0.0024704750695623843,122.28344302896788,10,8,2.066541098926864
120,구로구,수궁동,685.8140761620667,0.35104742912273484,0.13967528036682847,0.07390945456854403,0.05443094916779127,0.12480394208386554,0.06633559700074139,0.7552979436519532,0.001431263662928818,68.58140761620668,10,6,1.5655005959624588
121,구로구,가리봉동,436.52263926328317,0.2216186341618477,0.08818779318660697,0.056130547971299766,0.0,0.08832582738667015,0.058764878104250635,0.7649183727573031,0.0012744106512988173,43.65226392632832,10,4,1.2779460535679785
122,구로구,구로2동,977.4756297806545,0.5024742245669797,0.1999136932449958,0.48980887675407964,0.09536662168241115,0.0966866098660006,0.12345306781551453,0.7734417627714528,0.002614644981992006,97.74756297806545,10,9,2.281144856701434
123,구로구,개봉1동,933.5432328512198,0.479665108999048,0.19084010150097191,0.10172074417423328,0.06297795771479982,0.11473548681052972,0.09932285426006703,0.7549296879825429,0.002114706109713785,93.35432328512199,10,7,1.8041919414421927
124,금천구,가산동,639.6366324044075,0.2621843531446689,0.13076083287723056,0.9039939043748809,0.06342780026990553,0.08432306301422504,0.03626305295068733,0.7888824050477264,0.0008082093445584337,63.96366324044075,9,9,2.269835411679325
125,금천구,독산1동,1093.8076694446522,0.4519102269439269,0.22500542876352403,0.25290494634579974,0.09266756635177688,0.12075768174820121,0.04434135119171413,0.7945488446946766,0.0009755785766319862,109.38076694446522,8,8,1.9821360460396193
126,금천구,독산2동,578.0239783325002,0.23644621997998586,0.11797565017969458,0.06933773572925266,0.09266756635177688,0.0970571460362541,0.02802440738451111,0.7962371850185258,0.0006375179760800862,57.80239783325002,4,5,1.4377459106800008
127,금천구,독산3동,802.8997051424883,0.33038603622918356,0.16463939636649924,0.13156390881960758,0.09266756635177688,0.09791267956020096,0.03963355372532772,0.804448744369234,0.0008780406517872163,80.28997051424884,6,6,1.6612518854218299
128,금천구,독산4동,491.0183331299381,0.20010039271389893,0.09992119227022848,0.05816242301098482,0.09266756635177688,0.09783418080027416,0.023191539004508176,0.8042800641877103,0.0005373887848395767,49.10183331299382,3,4,1.3761573583393818
129,금천구,시흥1동,969.6409115781768,0.40004067844396274,0.19923970404030633,0.18547209346625182,0.04678362573099415,0.10559961755542331,0.04481597927415638,0.8220988167854926,0.0009854121003901786,96.96409115781768,7,7,1.8040505152965873
130,금천구,시흥2동,608.0980666952732,0.24900940042964012,0.12421629538434927,0.0301606451203251,0.04678362573099415,0.12298149863765817,0.022970259695802003,0.7920633671150467,0.0005328042366009601,60.809806669527326,3,4,1.3881850921138155
131,금천구,시흥3동,307.0172151121364,0.12323557737149218,0.061739296913750054,0.20464791415327957,0.04678362573099415,0.10958204507172695,0.011781223346876823,0.7994928738356103,0.00030098555827439197,30.70172151121364,3,4,1.3572625564237302
132,금천구,시흥4동,594.865467815653,0.2434816010317922,0.12147041149430118,0.04781255952758905,0.04678362573099415,0.10841506304827342,0.02569616422334182,0.7960678119635377,0.0005892805554824686,59.4865467815653,3,4,1.3897272370198297
133,금천구,시흥5동,557.9920203447747,0.2280780493500422,0.11381883780859418,0.06717886849958728,0.04678362573099415,0.09893546273202064,0.026411313293508147,0.8365548660834697,0.0006040972838478525,55.799202034477474,4,5,1.4177610234982163
134,노원구,월계1동,539.5143498248686,0.3829624254509581,0.11679903919797276,0.08800558765635913,0.09131803868645974,0.09220111067843997,0.012351504243318967,0.09301282719775632,0.0003128008531367424,53.951434982486866,2,2,0.876650533111265
135,노원구,월계2동,597.8626240513719,0.4249223743994871,0.12964381756654433,0.053463711981713125,0.09131803868645974,0.08571842925300632,0.015205190460839752,0.07350913447268642,0.00037192460130187904,59.786262405137194,2,2,0.8737806968207369
136,노원구,월계3동,727.8639229422066,0.5184101071047702,0.15826227962074385,0.05467013778652613,0.09131803868645974,0.09412970979903344,0.017218330541215573,0.09004588053121117,0.00041363359733743066,72.78639229422066,3,3,1.0240544840699601
137,노원구,공릉2동,930.4141892877992,0.6640699222070923,0.20285165804185448,0.10997523652295384,0.06162843004948268,0.09426730317837165,0.022738023781512937,0.08142668285142668,0.0005279926852723574,93.04141892877993,4,3,1.2369572566326945
138,노원구,하계1동,669.7396344133099,0.4766112328163124,0.14546680942249307,0.06355959108514826,0.09941520467836257,0.10220567479365726,0.014215463425308373,0.06902422287261424,0.0003514190630118907,66.973963441331,3,2,0.9704981990938961
139,노원구,하계2동,534.2506859311151,0.37917717093928655,0.1156402971954336,0.018604355832116323,0.09941520467836257,0.10737850228241241,0.010150684968198953,0.07498881175908392,0.00026720344870584465,53.42506859311151,1,1,0.8053550276548942
140,노원구,중계본동,601.6927794804437,0.42767675108670344,0.13048698727903024,0.06959172010921329,0.09671614934772829,0.11421988194170439,0.010931879565125664,0.07226635234730132,0.000283388533223226,60.169277948044375,2,2,0.9218897216768066
141,노원구,중계1동,635.0218512842965,0.45164466050528745,0.1378240430227671,0.05701949330116198,0.09671614934772829,0.11653779348704521,0.011409900078234822,0.06758457699956597,0.0002932923426404327,63.50218512842966,2,2,0.9387366167417909
142,노원구,중계4동,489.2071621424401,0.34678505679898247,0.10572442414391828,0.06013080195567973,0.09671614934772829,0.1003662484243777,0.009863551841197143,0.07729847553669274,0.0002612545162035628,48.92071621424401,1,1,0.7968847080485765
143,노원구,상계1동,918.5653458844133,0.6555490726893295,0.20024325583188352,0.1912502381103562,0.08681961313540261,0.10169626228478308,0.020630242055924227,0.09055564641830195,0.00048432286790923805,91.85653458844133,4,4,1.346744330525981
144,노원구,상계2동,484.34667250437826,0.34328973667543894,0.10465443684795668,0.15950219061527715,0.08681961313540261,0.09694499484652264,0.010165121829333122,0.07915306007479504,0.0002675025570439482,48.434667250437826,2,2,0.8805291540247262
145,노원구,상계5동,587.5144848219497,0.4174807251042009,0.1273657800977228,0.09543463077020763,0.08681961313540261,0.1009802825201817,0.012308193659916459,0.07680045161912463,0.00031190352812243173,58.751448482194974,2,2,0.9171896769067568
146,노원구,상계8동,547.129863543491,0.3884389638933765,0.11847551698888037,0.031303574830147944,0.08681961313540261,0.09915355009047377,0.011523790871626602,0.07171976375659975,0.00029565197508547186,54.7129863543491,1,2,0.8074347735665075
147,노원구,상계9동,500.5632370110917,0.35495154206458873,0.10822434837918347,0.038796114038986605,0.08681961313540261,0.09982206354615868,0.010224473369551375,0.06824184209653311,0.00026873222465615174,50.05632370110917,1,1,0.7670799966304045
148,노원구,상계10동,381.2460558960888,0.2691470706446984,0.08195788604928675,0.02241412153152581,0.08681961313540261,0.08698477762906057,0.008540172903898297,0.07269673472384175,0.0002338362518774033,38.12460558960888,1,1,0.6285603766177141
149,노원구,상계3.4동,596.2947241681261,0.4237948517789893,0.12929866037429866,0.07467140770842594,0.08681961313540261,0.07128428246976719,0.01863153883668258,0.07868991895238898,0.00044291298021179,59.62947241681261,2,2,0.8831902732559552
150,노원구,상계6.7동,794.7012551079976,0.5664747856699952,0.17297583764447422,0.11784875230173344,0.08681961313540261,0.09981763451947119,0.017847136048392716,0.07440884330584568,0.00042666142717482996,79.47012551079976,3,3,1.136192602625315
151,노원구,중계2.3동,846.3523569760654,0.6036186022823975,0.1843463017204536,0.07994158359260906,0.09671614934772829,0.09319845482713612,0.020692801787505623,0.06286267274557099,0.00048561900404102003,84.63523569760655,3,3,1.1413765663034012
152,노원구,공릉1동,895.7188047285465,0.6391194573620743,0.19521382245916055,0.17442377293796432,0.06162843004948268,0.0870051403749093,0.02376464501772052,0.06934284080135561,0.0005492626115374993,89.57188047285466,4,4,1.2504981090026672
153,도봉구,쌍문1동,465.9575880508944,0.3015717398136456,0.09521837703411852,0.05003492285224459,0.024741340530814216,0.09175501722764878,0.018690009520116336,0.10486321359987978,0.00044412439790065704,46.595758805089446,1,1,0.6868746205784678
154,도봉구,쌍문2동,427.56407892310534,0.27630965495344956,0.08721038299242002,0.07238554828878024,0.024741340530814216,0.08665271076637897,0.018041698672014408,0.10467973770734425,0.00043069244904777817,42.756407892310534,1,1,0.6700210739112017
155,도봉구,쌍문3동,361.62198045362345,0.23292120400850247,0.07345639322599627,0.05517810654644739,0.024741340530814216,0.07986989538850076,0.016272623726181604,0.10411740003279883,0.0003940400865909344,36.162198045362345,1,1,0.5865569634592416
156,도봉구,쌍문4동,417.63329030671827,0.2697754143889616,0.08513905120024907,0.032636992824941265,0.024741340530814216,0.09881525673975484,0.015136111186796435,0.10839061151847083,0.00037049339082860007,41.76332903067183,1,1,0.6346347783899883
157,도봉구,방학1동,634.9679759050956,0.412776859044,0.1304700174720067,0.13740554955870213,0.02384165542060279,0.0868121621351209,0.028070831265526477,0.10068884011357908,0.0006384798035694397,63.496797590509566,2,2,0.920065915009538
158,도봉구,방학2동,449.7525354969574,0.29090917152849793,0.09183837954898603,0.0701631849641247,0.02384165542060279,0.08500270568819439,0.019529926408345562,0.1044650159006591,0.00046152611301369863,44.97525354969574,1,1,0.6857500394594105
159,도봉구,방학3동,609.4761816952487,0.39600381893390224,0.12515302142808676,0.04889199314242174,0.02384165542060279,0.10221166295876645,0.02250900662128359,0.10810821534636167,0.0005232478213052678,60.94761816952487,2,2,0.8267193738514254
160,도봉구,창1동,555.2308070563648,0.36031155509733737,0.1138386965131112,0.08324338053209727,0.09896536212325686,0.08720458118614254,0.024083850786713386,0.09409466860215605,0.0005558760371422208,55.52308070563649,2,2,0.8617420948408147
161,도봉구,창2동,651.3392341262522,0.42354878700386717,0.13388468159801234,0.07962410311765826,0.09896536212325686,0.0948641118549532,0.026267634696109366,0.10053356633501424,0.0006011204964361288,65.13392341262522,2,2,0.9576882467288714
162,도봉구,창3동,314.75198229762117,0.2020817757376137,0.0636804004997669,0.05251127055686075,0.09896536212325686,0.08276841025206087,0.013248922928556398,0.09417171458312162,0.00033139391218398484,31.475198229762118,1,1,0.6074278566812372
163,도봉구,창4동,591.3597639682832,0.3840836143894808,0.12137435757291302,0.07460791161343577,0.09896536212325686,0.09604063168039385,0.023283305002619905,0.09772151121074822,0.000539290027425103,59.135976396828326,2,2,0.8960766935928486
164,도봉구,창5동,540.7709140082367,0.3507972633967441,0.11082269875714681,0.12896056892501112,0.09896536212325686,0.0942332137643311,0.021498481615132806,0.09772854279834703,0.0005023113828098898,54.07709140082367,2,2,0.90300613137997
165,도봉구,도봉1동,474.49640420431496,0.3071900931023581,0.09699937570897678,0.10235570512413486,0.026090868196131354,0.0848742245415104,0.0207898017406894,0.09983551153411391,0.00048762868568326097,47.4496404204315,1,1,0.7381355799479148
166,도봉구,도봉2동,603.0772635072838,0.3917934714572029,0.12381835575447034,0.0865451774715855,0.026090868196131354,0.09271004884809753,0.02472166267371245,0.16184158443276103,0.0005690904645561867,60.30772635072838,2,2,0.9075211688339611
167,동대문구,회기동,408.70975852093386,0.1784522327630817,0.05463114356175522,0.0568290050161915,0.11830859199280253,0.08957593710552157,0.04466892993884429,0.19558096026815755,0.0009823654767580976,40.87097585209339,10,1,0.7380468006463543
168,동대문구,휘경1동,465.4044211693537,0.20390254040455133,0.062482576509743155,0.055559083116388346,0.10526315789473684,0.09795403324517182,0.04677066638611837,0.19781930931929897,0.0010259100457633325,46.540442116935374,10,1,0.7697513668760088
169,동대문구,휘경2동,798.7118664536778,0.35352468516062,0.10864108483253614,0.07035367324909518,0.10526315789473684,0.12350599618700733,0.06508487444359584,0.19403232374673635,0.0014053507209104861,79.87118664536779,3,3,1.0204057955143275
170,동대문구,청량리동,715.4961711377898,0.3161690515356058,0.0971168527184026,0.10013334179947933,0.148897885739991,0.12166244580764668,0.05891546961067441,0.19666320371954035,0.0012775306629689662,71.54961711377898,3,3,1.0395582509313401
171,동대문구,용신동,1015.1361977065253,0.45067784833651603,0.13861288545303463,0.3516413740554956,0.1493477282950967,0.11316255960474819,0.09113347262704194,0.1742469446804549,0.0019450354099969042,101.51361977065254,6,5,1.4688228130523882
172,동대문구,제기동,875.8610740576057,0.3881570645786199,0.1193251916284256,0.29512984951425486,0.11201079622132254,0.11539839250692112,0.07672526092080613,0.17714638113833978,0.0016465206415548638,87.58610740576057,4,4,1.2838929365086902
173,동대문구,전농1동,984.2320482628768,0.43680493554371497,0.13433308474805294,0.13315131119436155,0.18173639226270805,0.12220982738204395,0.08170475958050159,0.1873364692422365,0.0017496877742749582,98.42320482628769,4,4,1.2772767799536198
174,동대문구,전농2동,646.3826776235254,0.2851439146012428,0.08754558207704585,0.05028890723220522,0.18173639226270805,0.14382056390217898,0.04455899295544841,0.18085594232052196,0.0009800877608409006,64.63826776235254,3,2,0.9739502953513514
175,동대문구,답십리1동,936.7165214718201,0.41547515390134027,0.12775283618212024,0.11803924058670391,0.17273954116059378,0.15082999761310245,0.06268566145301527,0.18142499692376984,0.0013556429205998947,93.67165214718202,4,3,1.2289474278206456
176,동대문구,답십리2동,920.1369058401814,0.4080325429271962,0.12545678688304476,0.1323258619594895,0.17273954116059378,0.14263123070062844,0.06514307637598188,0.1685509729627059,0.0014065565705137077,92.01369058401815,4,3,1.2148800129696404
177,동대문구,장안1동,1245.4403987506107,0.5540617030750574,0.17050685761318063,0.28382754460600673,0.1138101664417454,0.14457959127574532,0.0879323663458091,0.17672611890541215,0.0018787136818197003,124.54403987506107,6,5,1.5314443482629567
178,동대문구,장안2동,1005.2265423864653,0.4462293912025449,0.13724053414784013,0.19442504285986412,0.1138101664417454,0.1430237326640144,0.07122194486963615,0.18689510379110907,0.0015325008624057718,100.52265423864654,4,4,1.292845915976754
179,동대문구,이문1동,855.6606228282528,0.37908905580552493,0.11652770627552911,0.0873071306114674,0.10121457489878542,0.08286017503784046,0.10427417558353708,0.18086123225548412,0.0022172894537465567,85.56606228282529,10,3,1.0521340504681684
180,동대문구,이문2동,698.8847937903813,0.3087121826860323,0.0948164048574515,0.038288145279065336,0.10121457489878542,0.13290255407136364,0.052506790166832525,0.2903669436357166,0.0011447532233253115,69.88847937903813,3,2,1.0188075955952474
181,동작구,노량진2동,495.276583167434,0.25097417544995304,0.08519835286735843,0.09727601752492222,0.15789473684210525,0.11166710065251614,0.03993954658447659,0.9916786568342663,0.0008843803273386388,49.527658316743405,6,7,1.7346285867555982
182,동작구,상도1동,1672.6272921577488,0.8595082894540151,0.29241023507561376,0.10127627150930218,0.21637426900584794,0.13736255262128216,0.11504274160507785,0.975816837021123,0.0024403966691258125,167.2627292157749,10,10,2.6977911962922616
183,동작구,상도2동,961.2319063961796,0.49181125791083724,0.16720576052755004,0.07886214997777637,0.21637426900584794,0.15408225091410388,0.05774561935829311,0.9897200679671623,0.0012532932638856138,96.12319063961797,9,9,2.1558013756615706
184,동작구,상도3동,906.3281067943377,0.46343327776351473,0.15754277772301337,0.058098926915994664,0.21637426900584794,0.14845732446837545,0.05640704054970348,0.9735080720222511,0.0012255600828889315,90.63281067943377,8,8,2.0738216884487004
185,동작구,상도4동,1047.672503877768,0.5364895784832614,0.18241917040329286,0.05282875103181155,0.21637426900584794,0.14861096795274678,0.06556291960045643,1.0,0.0014152550409062365,104.7672503877768,9,9,2.2022856564774167
186,동작구,사당1동,833.0422658377811,0.4255542210347115,0.14464458440825662,0.11137215061273732,0.19883040935672514,0.12085247475984388,0.063730553942476,0.8438813596679724,0.0013772913975863344,83.30422658377812,8,8,1.9088657537827227
187,동작구,사당3동,926.4410371655043,0.47382899432441933,0.1610826219912579,0.0544161534065655,0.19883040935672514,0.1672790655685326,0.05104082683704645,0.981759044245394,0.0011143808417377883,92.64410371655043,8,8,2.0882371157299406
188,동작구,사당4동,522.4169229453937,0.2650021303273182,0.0899750101931824,0.03568480538446885,0.19883040935672514,0.1412588585633089,0.03305032764960204,0.9835017233763554,0.0007416468891423817,52.24169229453938,6,7,1.7473032648509608
189,동작구,사당5동,457.19702480550086,0.2312920959026297,0.07849641019081975,0.025779414566004192,0.19883040935672514,0.1388810188881757,0.02910598209362463,0.969836044391602,0.000659926449138825,45.71970248055009,5,6,1.6722213753895812
190,동작구,대방동,1397.173614079656,0.7171352831285133,0.2439308188235971,0.10362562702393803,0.18488529014844804,0.15467406899638844,0.08485035292244543,0.9888497939613375,0.0018148593644228728,139.71736140796563,10,9,2.4779512350046677
191,동작구,신대방1동,942.088273874226,0.48191653973841014,0.16383651116379921,0.0603212902406502,0.13405308142150246,0.15058867158216932,0.05788840109787596,0.9595430515168603,0.0012562514698585925,94.20882738742262,8,8,2.0081475467612675
192,동작구,신대방2동,729.604338214639,0.37209053586434576,0.12643967102871334,0.07213156390881961,0.13405308142150246,0.1452002327449141,0.04591853192951019,0.9551870823506909,0.0010082552024571517,72.96043382146391,7,7,1.8510206992484965
193,동작구,흑석동,1150.3834581140006,0.5895775148622693,0.20049613760446586,0.08965648612610325,0.3094916779127305,0.12080149000904361,0.08909216043588719,0.9902196641866599,0.0019027427335368031,115.03834581140006,10,9,2.38933513113716
194,동작구,노량진1동,1135.5324303528462,0.581901503838813,0.19788237996061575,0.1299130103498635,0.17588843904633378,0.11124506371438027,0.09548164328222161,0.9878827856257898,0.002035122450827632,113.55324303528462,9,9,2.280194825818018
195,동작구,사당2동,994.984242216984,0.5092567375096012,0.17314611880902753,0.09937138865959744,0.22514619883040934,0.14064229759565225,0.06572354905748717,0.791342498127001,0.0014185830226258382,99.4984242216984,8,8,2.004628788588776
196,마포구,용강동,1212.4230262527856,0.3909982942017135,0.15392715442744506,0.15543844053590705,0.2699055330634278,0.2480176589072447,0.13025567774592092,0.4688210727273226,0.002755584022143527,121.24230262527857,10,7,1.8173638316089817
197,마포구,대흥동,731.3512148028128,0.2338647492490815,0.09206961074131531,0.09175185726077846,0.18938371569950518,0.14920517015660636,0.1295267185318535,0.48028479701303634,0.0027404811700042254,73.13512148028128,10,4,1.3660866186521765
198,마포구,염리동,699.3368654541503,0.22340783183514046,0.08795311718196684,0.03790716870912439,0.2802519118308592,0.17348233558275347,0.10634912897548152,0.48019997984268403,0.0022602791213023328,69.93368654541503,10,4,1.38955147395801
199,마포구,신수동,1167.3995014999005,0.37629216118311076,0.14813790512408034,0.07162359514889834,0.22672064777327935,0.22790039830490286,0.13646839832035945,0.47809517535987495,0.0028843015119671225,116.73995014999005,10,6,1.6652382812145061
200,마포구,서교동,1406.0616576810685,0.4542469067204837,0.178825745069859,0.6085465743856753,0.20242914979757085,0.15754374764705759,0.23835701574115115,0.46836512765770083,0.0049952683450740845,140.60616576810685,10,9,2.3083142670194983
201,마포구,합정동,1045.8199239567346,0.33658035608769266,0.13250486687444757,0.12330941647088704,0.2591093117408907,0.2082682223271675,0.13355256146408961,0.465924658335847,0.002823890103409915,104.58199239567347,10,6,1.659249393301022
202,마포구,망원1동,1184.4773901992705,0.3818703495694772,0.15033382727363254,0.10794336148326877,0.1452991452991453,0.20997790359319335,0.1503848924071017,0.4707872826336412,0.003172628689171976,118.44773901992706,10,6,1.6165967622594601
203,마포구,망원2동,1051.4947082894407,0.33843392338849154,0.1332345463348003,0.07987808749761889,0.1452991452991453,0.22619499083372235,0.12357907403525764,0.478062061123476,0.0026172556264131034,105.14947082894408,10,5,1.524681828512512
204,마포구,연남동,931.1464518750696,0.2991243074243789,0.11775983476052702,0.09581560734014859,0.206927575348628,0.17707342027769055,0.1396161767447416,0.46111370077203573,0.0029495183734777435,93.11464518750697,10,5,1.4974306226681504
205,마포구,성산1동,1094.4303406935,0.352458083532272,0.13875532866690313,0.08800558765635913,0.23076923076923078,0.21026081142499048,0.13855587243337078,0.4688166829785945,0.0029275505885478503,109.44303406935,10,6,1.6276215974617207
206,마포구,성산2동,2234.7407773599166,0.7249201920890336,0.2853795975868412,0.10445107625881009,0.18780926675663517,0.25327165675128377,0.23737954770410616,0.4722958146738511,0.004975016793341839,223.47407773599167,10,9,2.265507151820561
207,마포구,상암동,1796.1227770027358,0.5816534289244538,0.22898088231636926,0.14108832306813132,0.2078272604588394,0.25277142742712283,0.19062675447459812,0.3001528679153679,0.004006374776589343,179.61227770027358,10,8,1.9031009445848825
208,마포구,도화동,1223.0230951006704,0.39446061802773397,0.15529014058923601,0.12349990475585751,0.1779127305443095,0.23474671486876655,0.13890378478553933,0.443152912921082,0.002934758767977972,122.30230951006705,10,6,1.6679668064925248
209,마포구,서강동,1371.6917374773202,0.44302058401187133,0.17440636569677911,0.10648295129849514,0.25820962663067926,0.19583184529007236,0.1871973327175081,0.466609671455925,0.0039353227222067196,137.16917374773203,10,7,1.8317583771013304
210,마포구,공덕동,2168.517114911261,0.7032894114183897,0.27686437595989455,0.17010603847863356,0.2802519118308592,0.2338219050045687,0.249390807481354,0.4608655481464308,0.00522387060700079,216.85171149112614,10,9,2.374589998320131
211,마포구,아현동,1365.9634174433622,0.44114953022710274,0.1736698024679325,0.09702203314496158,0.3841655420602789,0.21391194085498416,0.17064664510720387,0.4771576819942856,0.003592419329316661,136.59634174433623,10,8,1.9577231758567495
212,서대문구,천연동,668.9685402996163,0.291355569082883,0.10337938565462548,0.05327322369674265,0.1938821412505623,0.1436770810544353,0.09734327995360957,0.3396116407615782,0.0020736925420515185,66.89685402996163,10,3,1.2225223214544365
213,서대문구,홍제1동,812.2537049647145,0.35483531230338744,0.12594388424745978,0.06736935678455774,0.1111111111111111,0.1472916985707816,0.11586076649622057,0.4721580665194121,0.002457344817580184,81.22537049647146,10,4,1.3945701960329304
214,서대문구,홍제3동,583.6789154389006,0.25356963710460784,0.0899480047810286,0.06978220839418375,0.1111111111111111,0.12674366198949336,0.09596965755672543,0.42128729832406997,0.002045233314765512,58.36789154389007,10,3,1.1684115792612202
215,서대문구,홍제2동,524.594422434072,0.22739338603893264,0.08064339908523371,0.031240078735157786,0.1111111111111111,0.15592247403982765,0.0696991292163165,0.4353333480326368,0.001500950592920636,52.45944224340721,10,3,1.111342926259216
216,서대문구,홍은1동,847.6622477404977,0.3705223878528528,0.13152000942068293,0.05473363388151629,0.06342780026990553,0.15405858042271353,0.11570227160427238,0.4361536532335037,0.002454061060585644,84.76622477404977,10,4,1.3261183366854472
217,서대문구,홍은2동,1018.8386653460443,0.44635881558355106,0.15847681296147265,0.0681948060194298,0.06342780026990553,0.14528814975708795,0.14803522956169884,0.4516073207167355,0.0031239474874716466,101.88386653460444,10,5,1.4813889348698814
218,서대문구,남가좌1동,604.158261111799,0.2626426183003798,0.09317308511435107,0.04412978601815988,0.1767881241565452,0.7637879236100388,0.014556114726016192,0.4388559288395091,0.0003584768052371984,60.4158261111799,7,7,1.793933580765
219,서대문구,남가좌2동,877.8016621270274,0.38387507715983804,0.13626635406217638,0.0724490443837704,0.1767881241565452,0.12213303223149374,0.15117871158533747,0.435044161047066,0.0031890753345300074,87.78016621270274,10,5,1.4777345046262274
220,서대문구,북가좌1동,678.3475888324873,0.29551077659449737,0.10485639500110423,0.03574830147945901,0.14260008996851103,0.16946621410324578,0.08358064016944358,0.4266155555079568,0.0017885529763590293,67.83475888324874,10,4,1.258377972824218
221,서대문구,북가좌2동,1202.6609910857992,0.5277977702962013,0.1874250897784136,0.1447076004825703,0.14260008996851103,0.15495025181716512,0.16436020343236016,0.40410270755671895,0.003462174457909186,120.26609910857992,10,7,1.7259437133319404
222,서대문구,충현동,642.517515785564,0.27963695014563383,0.09921388738534274,0.10940377166804241,0.10256410256410256,0.1337897138189672,0.10032826708530007,0.39443076590606185,0.0021355366321153405,64.25175157855641,10,3,1.2193674585734506
223,서대문구,북아현동,626.3939829144484,0.2724937282436452,0.09667475895825008,0.04838402438250047,0.2986954565901934,0.24423881581944204,0.05287225485448595,0.47826581306769755,0.0011523250586670554,62.63939829144485,5,5,1.4916248519162147
224,서대문구,신촌동,840.1449579051628,0.3671919968135814,0.1303361891954153,0.22972887167439202,0.15114709851551958,0.10610376093858331,0.16619610259742645,0.4733545082891547,0.003500211309762599,84.01449579051628,10,6,1.6240585280240727
225,서대문구,연희동,1420.978544013867,0.6245191736096202,0.22180566314307779,0.14070734649819036,0.1106612685560054,0.1260734710596791,0.23882638683267468,0.43291784446882603,0.005004992952510196,142.09785440138668,10,8,1.8955111541680736
226,서초구,서초1동,2705.643502532163,0.4591409195811074,0.2914360620650225,0.22287129341545495,0.36122357174988756,0.545495155955618,0.4989939600568532,0.5232152407745476,0.010395242933604701,270.56435025321633,10,10,2.9023762035984912
227,서초구,서초2동,2320.8787734245016,0.3931336934096145,0.24971137402287688,0.2701123880881326,0.36122357174988756,0.5003200438315729,0.4662624627593097,0.5633875678382221,0.009717099418243341,232.08787734245016,10,10,2.804151101699616
228,서초구,서초3동,3856.927796276728,0.6566462443054575,0.4162837270672704,0.4713315131119436,0.36122357174988756,0.5804168556112593,0.6696871889543228,0.5185188832308867,0.013931729677264878,385.6927796276728,10,10,3.6741079840310276
229,서초구,서초4동,3990.240999354122,0.6795164142599219,0.4307404882761363,0.17569369483776748,0.36122357174988756,0.7348776087392217,0.5473264513934128,0.5472213703328408,0.011396613731988768,399.0240999354122,10,10,3.4765995995891883
230,서초구,잠원동,4384.662470359204,0.747180275508079,0.47351237350838793,0.12921455330497175,0.6536212325686009,0.5907241936626768,0.7484263235747685,0.5259847690354782,0.015563076788050058,438.46624703592045,10,10,3.8686637211629633
231,서초구,반포본동,1578.0621207176325,0.2657018809540237,0.16915879016576205,0.0368277350942917,0.786774628879892,0.6973994227340173,0.22643541713992582,0.5243925388188241,0.00474827216550216,157.80621207176327,10,10,2.7066904137867365
232,서초구,반포1동,4026.861371224864,0.6857987187064917,0.43471167762043444,0.0892755095561623,0.786774628879892,0.5343417357120631,0.7594999703240308,0.5496306943933941,0.015792504781097547,402.6861371224864,10,10,3.8400329351924682
233,서초구,반포2동,2102.0344278270873,0.3555904699189837,0.2259794377016435,0.02241412153152581,0.786774628879892,0.6166416010576978,0.3423110356101078,0.5311099191591191,0.007149026965678639,210.20344278270875,10,10,2.8808212138589697
234,서초구,반포3동,2562.6735575573475,0.4346141145499791,0.27593210366605053,0.055051114356467076,0.786774628879892,0.6628352858693631,0.3887469355144733,0.5167005710175044,0.008111103466910926,256.26735575573474,10,10,3.1206547538537297
235,서초구,반포4동,2583.4919881414003,0.43818556159837163,0.278189697608357,0.22122039494571083,0.786774628879892,0.6422257835784257,0.4045314706598305,0.5297542715040363,0.008438133423851541,258.34919881414004,10,10,3.300881808774624
236,서초구,방배본동,2727.214406510819,0.4628414550770321,0.293775255788376,0.09403771668042415,0.3315339631129105,0.6221470492255928,0.4409949704529817,0.528150218334386,0.009193597975543822,272.72144065108193,10,10,2.7734806286717033
237,서초구,방배1동,2217.6645061312797,0.3754270613564403,0.23851860405589972,0.10813384976823925,0.3315339631129105,0.5562211794526971,0.40061592705788146,0.49561991579062364,0.008357009713602707,221.76645061312797,10,9,2.5060705005946917
238,서초구,방배2동,2820.646519674185,0.4788699373122871,0.30390722860173935,0.11905517810654645,0.3315339631129105,0.4536809644176207,0.6254537823260536,0.5505503898334441,0.01301528526304756,282.0646519674185,10,10,2.8630514437106016
239,서초구,방배3동,2792.6795918413923,0.47407215001233843,0.30087443673948433,0.06946472791923297,0.3315339631129105,0.5780242884917772,0.48614608261295755,0.5124669672932325,0.010129055759350709,279.2679591841392,10,10,2.752582616181934
240,서초구,방배4동,3065.325785153014,0.5208451975015252,0.3304407574055939,0.14566004190742268,0.3315339631129105,0.5353088438046435,0.5764483069329092,0.5201400603674727,0.011999971326964478,306.5325785153014,10,10,2.9603771710324778
241,서초구,양재1동,5858.381613691709,1.0,0.63332554468937,0.2220458441805829,0.30521817363922626,0.5912579369433909,1.0,0.5468549923639093,0.02077527517153775,585.838161369171,10,10,4.29870249181648
242,서초구,양재2동,3013.906769855054,0.5120241535868214,0.3248647723673672,0.32821131500412726,0.3243364822312191,0.5205792548620949,0.5827498849172961,0.5501400166504173,0.0121305297981462,301.3906769855054,10,10,3.1429058796193434
243,서초구,내곡동,2343.7037997274992,0.39704937631809295,0.2521865673813093,0.03676423899930154,0.3162393162393162,0.631313542126418,0.37308476110667665,0.5674850651394513,0.007786608625915581,234.37037997274993,10,9,2.574122867310566
244,성동구,왕십리2동,1211.843204418842,0.265312434610841,0.13960432325829955,0.044510762588100834,0.24471434997750788,0.31843211238728225,0.06695318703994446,0.3985936540215589,0.0014440591264675046,121.18432044188421,5,5,1.4781208238835348
245,성동구,마장동,1613.097657546064,0.3548218148249211,0.18648097128219274,0.20191758206870278,0.1659919028340081,0.27199920965221297,0.10568992222386571,0.4078634419345803,0.0022466214270078456,161.30976575460642,7,6,1.6947648448204837
246,성동구,사근동,895.3269608137442,0.194705933992645,0.10262723694888802,0.06375007937011874,0.07017543859649122,0.1955240389391386,0.08061058319436747,0.4081639132533303,0.001727018214915262,89.53269608137443,3,3,1.1155572242949792
247,성동구,행당1동,1117.021882494952,0.24416027619779496,0.12852679951159815,0.08616420090164455,0.24066576698155645,0.2972016958546994,0.06604121107523545,0.4118736242818042,0.0014251644642095925,111.70218824949521,5,5,1.4746335748043333
248,성동구,행당2동,1674.397638902494,0.36849623836236917,0.19364235635224328,0.03111308654517747,0.24066576698155645,0.31378716236468374,0.09496864380948153,0.41763478214145017,0.002024493934122147,167.43976389024942,7,6,1.6603080365569616
249,성동구,응봉동,1095.453370536208,0.23934890495313732,0.1260070529128767,0.017588418312273795,0.19208277103013946,0.3221698276626806,0.059535041083103965,0.40680795142800286,0.0012903671785891217,109.54533705362081,5,4,1.3635399673822146
250,성동구,금호1가동,1081.1633966688048,0.23616118530497404,0.12433762327781044,0.025652422376023873,0.2384165542060279,0.36289377680220913,0.05188334030603311,0.4664015523977183,0.0011318363537910297,108.11633966688049,5,5,1.5057464546707968
251,성동구,금호4가동,1034.2201647585973,0.22568937730189564,0.11885346891588713,0.03384341862975427,0.31039136302294196,0.3066978656026397,0.0589900798358998,0.5081302941613611,0.001279076465776467,103.42201647585973,6,6,1.5625958674703795
252,성동구,성수1가1동,1173.2469198610895,0.25670261238355885,0.13509530302900843,0.095180646390247,0.32388663967611336,0.29105764545787516,0.07101259224871026,0.40473670393923494,0.00152816341578626,117.32469198610896,7,6,1.577672143124748
253,성동구,성수1가2동,1054.1192872468505,0.23012835139139393,0.12117818868808222,0.14248523715791478,0.32388663967611336,0.23536855753108735,0.07899794276896735,0.4089809287043952,0.0016936069218982223,105.41192872468505,6,5,1.5410258459179542
254,성동구,성수2가1동,1223.1282772393613,0.2678298393797175,0.1409227046056182,0.15893072576036574,0.24741340530814215,0.24684127350898738,0.08775068769855278,0.37431622640273554,0.0018749495950320862,122.31282772393614,6,5,1.5240048626641192
255,성동구,성수2가3동,795.6310216360208,0.1724663758865339,0.09098023486872951,0.3238935805447965,0.24741340530814215,0.26180814848988065,0.05279531627074213,0.38789554361416717,0.0011507310160489418,79.56310216360208,5,5,1.537252604982992
256,성동구,송정동,786.4827673377298,0.17042563947626113,0.08991148785936466,0.037462696044193285,0.09041835357624832,0.24396841102686057,0.05612069204449821,0.3393101188383534,0.0012196274064771822,78.64827673377299,3,3,1.0276173988657797
257,성동구,용답동,1045.638788736756,0.22823657384318488,0.12018745240932797,0.12616674074544415,0.06837606837606838,0.2318832198514062,0.07954290401617153,0.30753848867994915,0.001704897634710877,104.5638788736756,3,3,1.1619314479215523
258,성동구,왕십리도선동,1859.9001968634564,0.4098770102436663,0.2153137373158604,0.1255317797955426,0.19838056680161945,0.3910198574269641,0.08452540684775255,0.3860498570840984,0.0018081270089980066,185.99001968634565,8,7,1.8106982155155038
259,성동구,금호2.3가동,1633.798086980153,0.359439539548896,0.18889930393112045,0.059178360530827354,0.2699055330634278,0.32420931037313033,0.08956351796986463,0.4620351146880237,0.0019125084968374482,163.3798086980153,7,7,1.7532306801052904
260,성동구,옥수동,1837.5303779588767,0.4048868883645321,0.2127003778404062,0.048574512667470954,0.33468286099865047,0.3605574013134477,0.0906979270966978,0.4420322804963216,0.0019360116133046073,183.75303779588768,9,8,1.894132248777527
261,성북구,돈암1동,517.0139852173504,0.253803350903715,0.07982591753360496,0.018223379262175377,0.09221772379667116,0.13844811567640972,0.03095532107733456,0.007409934347242954,0.0006982417522276934,51.701398521735044,1,1,0.6208837425971536
262,성북구,돈암2동,796.5431875395088,0.393737971809836,0.12404952198092334,0.021017207441742333,0.09221772379667116,0.1755621201216266,0.03839153013731336,0.0022024829562950874,0.0008523079382947296,79.65431875395089,2,2,0.8471785582444079
263,성북구,안암동,543.9930129755834,0.26730927440079916,0.08409420092597215,0.08597371261667408,0.038236617183985605,0.09013877487891958,0.051083030226993585,0.6181126128211424,0.0011152552275001857,54.39930129755834,10,3,1.2349482230544866
264,성북구,보문동,537.9101247076641,0.264264130434751,0.08313184263773983,0.07797320464791416,0.15204678362573099,0.13783357872718385,0.03247030993806159,0.016134233392280456,0.0007296298632697091,53.79101247076641,2,1,0.7638540834036618
265,성북구,정릉1동,587.5502750805807,0.2891143985514655,0.09098528462720047,0.041335957838592924,0.06432748538011696,0.13957577751655395,0.035250564220934255,0.0,0.000787232220896265,58.75502750805808,1,1,0.6605894681348641
266,성북구,정릉2동,764.8365264124266,0.37786535611116,0.11903329173241704,0.04984443456727411,0.06432748538011696,0.1422007630354729,0.0458221897875459,0.0093919804963571,0.001006259149596044,76.48365264124266,2,2,0.8084855011103442
267,성북구,정릉3동,545.0646098725225,0.26784572463316,0.08426373554669701,0.03651025461934091,0.06432748538011696,0.11824980552418274,0.03869674767335727,0.005199441081870536,0.0008586315504094214,54.506460987252254,1,1,0.6150931944587255
268,성북구,정릉4동,856.0483328754242,0.42352673765387217,0.13346367974352757,0.05200330179693949,0.06432748538011696,0.1406267053161728,0.05220956040548291,0.013152246580318733,0.0011385951049416845,85.60483328754242,2,2,0.8793097168764307
269,성북구,길음1동,1192.2776180679807,0.5918458870310851,0.18665766015214097,0.06286113404025652,0.17049032838506523,0.1613733045207131,0.0641407913599265,0.0030323736705942708,0.001385790851243272,119.22776180679807,4,4,1.2404014791597815
270,성북구,길음2동,370.86707900832505,0.1806410059785055,0.05670438705415799,0.052892247126801704,0.13922627080521818,0.09647903755728687,0.031615700837138654,0.007114208217102008,0.0007119237493485721,37.08670790083251,1,1,0.5646728575762108
271,성북구,월곡1동,877.8899990395074,0.4344608556252265,0.1369191942188903,0.07930662264270748,0.10796221322537113,0.14622462909736889,0.051499235957962554,0.0017792349063870548,0.0011238783349293109,87.78899990395075,3,2,0.958151985673914
272,성북구,월곡2동,652.4764400127767,0.32161697145332696,0.10125708811817756,0.0944186932503651,0.08412055780476833,0.12513114447471274,0.04420176214164008,0.015864044645553858,0.0009726865180053168,65.24764400127768,2,1,0.7866102618885447
273,성북구,장위1동,669.0546743595412,0.3299161721069091,0.10387988842703869,0.05244777446187059,0.14080071974808817,0.12777088052442104,0.044423738531490196,0.006076361541248763,0.0009772855086341834,66.90546743595412,2,1,0.8053155353410666
274,성북구,장위2동,474.9380482345925,0.23273979030954756,0.0731691905139669,0.08737062670645755,0.14080071974808817,0.09809458261617333,0.04055579993835197,0.0009837331767716044,0.0008971480969261804,47.49380482345925,1,1,0.6737144430093571
275,성북구,장위3동,368.40870965652334,0.17941032603367776,0.05631545468896564,0.033398945964823165,0.14080071974808817,0.11169040901480173,0.02686540609434623,0.025680046727627952,0.0006135053498908238,36.840870965652336,1,1,0.5741613082723306
276,성북구,성북동,564.2272837942579,0.27743871702361234,0.08729541347024751,0.06540097783986284,0.06387764282501125,0.12539046802149295,0.03776999624573305,0.01821163644896708,0.0008394307645339027,56.42272837942579,1,1,0.675384851874927
277,성북구,삼선동,850.0599972748819,0.42052892753185594,0.13251628039241808,0.11454695536224523,0.13360323886639677,0.1183831384838987,0.061815588676246584,0.010478787819658369,0.0013376164244058933,85.00599972748819,3,2,0.9918729171327197
278,성북구,동선동,516.4466692130885,0.25351934783952396,0.07973616391086827,0.12019810781636929,0.1381016644174539,0.09760746556503676,0.04456802318489278,0.004401087326394084,0.000980274852542947,51.644666921308854,1,1,0.738131860060539
279,성북구,종암동,1351.3467221518606,0.6714771906406454,0.21182357870503482,0.12191250238110356,0.1246063877642825,0.1340355541244852,0.08817528497094751,0.013090766169999941,0.0018837465615838187,135.13467221518607,5,4,1.3651212647564988
280,성북구,석관동,1073.0467045056032,0.5321579097069383,0.16779444044031264,0.12921455330497175,0.11920827710301395,0.12209032695830502,0.07633839398219021,0.02968277344414337,0.0016385053862994993,107.30467045056032,4,3,1.1764866749398755
281,송파구,풍납1동,1048.1145407545876,0.2840306503367219,0.13639760314862512,0.041272461743602766,0.17363922627080522,0.229702043247221,0.09199285668870237,0.5927162967800476,0.001962840453356887,104.81145407545876,6,5,1.549751138215726
282,송파구,풍납2동,1609.220548561485,0.438772320920082,0.2104721801750711,0.06768683725950854,0.17363922627080522,0.26985410476166155,0.12131565885512463,0.5766513206448114,0.002570361336395614,160.92205485614852,8,7,1.8583916488870644
283,송파구,거여1동,853.5286849282933,0.23036781304124943,0.11070929333708196,0.04679662200774652,0.15699505173189385,0.2687820664900837,0.06331548521303862,0.5980412715498912,0.0013686918469840968,85.35286849282933,5,5,1.4750076033709854
284,송파구,거여2동,1106.9190134623693,0.3002477327025684,0.1441606931574407,0.05098736427709696,0.15699505173189385,0.19611075697783056,0.11417795474555961,0.6068519427509996,0.0024224796885605505,110.69190134623693,10,6,1.5695314963433895
285,송파구,마천1동,1365.74827581599,0.37162760013439544,0.17833011544869104,0.054479649501555656,0.1250562303193882,0.26955334391824654,0.1026614463418288,0.6040232580868782,0.002183876320599721,136.574827581599,7,6,1.7057316437509837
286,송파구,마천2동,1323.516554393644,0.35998094685750887,0.1727548821452979,0.07937011873769763,0.1250562303193882,0.2812667428555774,0.09519469913501434,0.6393762386512909,0.002029177433680063,132.3516554393644,7,7,1.7529998587017752
287,송파구,방이1동,1064.1753923864192,0.28845990787081055,0.1385178812685519,0.08127500158740238,0.3535762483130904,0.3190961547385254,0.06675778223041752,0.5613099981418864,0.0014400106558690921,106.41753923864192,8,7,1.8089929741506845
288,송파구,방이2동,1650.9403703302264,0.45027780264209716,0.21597983489296854,0.18020191758206872,0.3535762483130904,0.2445651249045003,0.1375273591465303,0.5845854160931162,0.0029062414620635506,165.09403703302266,9,9,2.1667137035743713
289,송파구,오륜동,1231.3746167448892,0.3345700669806657,0.16059073675607646,0.026668359895866404,0.3535762483130904,0.36509523285805867,0.06763101198850262,0.5997039974497089,0.001458102559593595,123.13746167448892,8,8,1.9078356542419692
290,송파구,오금동,2624.381549115303,0.7187331606743308,0.3444889625361802,0.14451711219759986,0.2253711201079622,0.3501027993569365,0.15361250440053228,0.6135039634693766,0.0032394995726989497,262.4381549115303,10,9,2.5503296227429186
291,송파구,송파1동,1689.3328443505413,0.4608656692574485,0.22104822880514413,0.15448599911105468,0.2631578947368421,0.2522836048082239,0.1364516413285994,0.5910323708940707,0.00288395433428699,168.93328443505413,9,8,2.0793254089413833
292,송파구,송파2동,1357.1739566181195,0.36926297659030033,0.17719817414163846,0.05022541113721506,0.2631578947368421,0.3213246080367921,0.08528543970630974,0.5702617159693522,0.0018238736566324489,135.71739566181196,8,7,1.83671622031845
293,송파구,석촌동,2224.203994910224,0.6083722976536519,0.29165940332493673,0.1567083624357102,0.21367521367521367,0.24770187993179568,0.18387181384374143,0.5882541846133548,0.003866423366978447,222.4203994910224,10,9,2.290243155478404
294,송파구,삼전동,2139.740552065532,0.5850789910998788,0.2805089367181505,0.12559527589053274,0.1560953666216824,0.2487855203002844,0.17601274602097572,0.5701834801241685,0.0037035962334579257,213.9740552065532,9,9,2.1422603167756735
295,송파구,가락본동,1814.2363598299646,0.4953115286460583,0.23753740366608866,0.221283891040701,0.3567251461988304,0.2848605605875351,0.12983281287238924,0.5688515668003781,0.002746822948085326,181.42363598299647,10,9,2.294402909811981
296,송파구,가락1동,71.34601422108457,0.014657677197824457,0.007449214699691659,0.17131246428344657,0.3567251461988304,0.5436114100431894,0.0,0.5861031429036845,5.6897726206043875e-05,7.1346014221084575,5,6,1.6798590553266668
297,송파구,가락2동,2204.687820616564,0.6029901321241816,0.28908296975291425,0.11219759984760937,0.3567251461988304,0.319946851306516,0.14086841213398624,0.5836071893348984,0.002975462658922516,220.46878206165638,10,9,2.405418300698936
298,송파구,문정1동,1390.511421559093,0.37845677410129713,0.1815992295220443,0.08051304844752048,0.2703553756185335,0.3024533890354565,0.0930179524916718,0.5810778558567073,0.0019840787751204333,139.0511421559093,8,7,1.8874736250732311
299,송파구,문정2동,1928.5819449538012,0.5268457247154466,0.2526327702011849,0.32071877579528857,0.2703553756185335,0.4666360412616425,0.08365287972380281,0.5933034192034489,0.0017900496627127262,192.85819449538013,10,9,2.5141449865193475
300,송파구,장지동,2232.650339194693,0.6107016283090293,0.2927744499856154,0.08165597815734332,0.29329734592892487,0.30064878656751437,0.15192932240306398,0.5842060363832136,0.0032046267727662138,223.26503391946932,10,9,2.315213547734705
301,송파구,위례동,1845.0783139596174,0.5038171148270572,0.241609013442203,0.027366816940758144,0.15699505173189385,0.8737487426363735,0.04153536327587305,0.6599244479097964,0.000917443059884551,184.50783139596174,10,9,2.504996550763955
302,송파구,잠실본동,1904.0107615808,0.5200694900816213,0.2493889980973926,0.18636103879611404,0.5605038236617184,0.2361433649056584,0.16472403668457147,0.6100470965066275,0.0034697124925556627,190.40107615808,10,9,2.5272378487337037
303,송파구,잠실4동,1925.318584662075,0.5259457560531415,0.25220195671865,0.024953965331132134,0.5168690958164642,0.33058865208537785,0.11867065857338865,0.5931953084737098,0.002515561222215599,192.5318584662075,10,9,2.362425393051864
304,송파구,잠실6동,1117.2849814478543,0.30310645668871317,0.14552915951372813,0.1598831671852181,0.5168690958164642,0.336537484225754,0.06647936114812952,0.5782653258267365,0.0014342422227975118,111.72849814478543,9,8,2.1066700504047438
305,송파구,잠실7동,663.4859385277363,0.17795787329526022,0.08562074347181288,0.00634960949901581,0.5605038236617184,0.34231102610138747,0.03767543463506219,0.5974423279451556,0.0008374716013921853,66.34859385277363,8,7,1.8078608386094128
306,송파구,잠실2동,2371.951032431735,0.6491179376783957,0.3111642725636258,0.04158994221855356,0.5605038236617184,0.35376585193756904,0.13712238302683868,0.5909768362666559,0.0028978510139594338,237.1951032431735,10,10,2.644241047353357
307,송파구,잠실3동,2338.4855925773604,0.639888847278681,0.3067463225368461,0.0944186932503651,0.5605038236617184,0.341985906892256,0.13985597183475723,0.5905420742665655,0.0029544865386622243,233.84855925773604,10,10,2.673941639721189
308,양천구,목1동,1324.7498232385267,0.5195732817831322,0.2004300931267207,0.18039240586703917,0.3094916779127305,0.21611987144452244,0.05723572116043669,0.8064799317688753,0.00124272900056373,132.4749823238527,9,9,2.289722983063457
309,양천구,목2동,1296.016571788655,0.5081951211265285,0.19604013227819447,0.0662264270747349,0.3094916779127305,0.1880065805592064,0.0645663196476713,0.8252078578473169,0.0013946071069224344,129.6016571788655,9,9,2.1577341164463832
310,양천구,목3동,948.1564835681253,0.3704450312455189,0.1428929216077556,0.07181408343386882,0.3094916779127305,0.18817913625846672,0.04645472696829849,0.8186443131419221,0.0010193642936550818,94.81564835681253,8,8,1.9479218905685614
311,양천구,목4동,1113.7808221811617,0.43603107662122437,0.16819755388519794,0.07937011873769763,0.3094916779127305,0.19641710772072946,0.05266305142002812,0.8037434392440213,0.0011479907029490984,111.37808221811618,9,8,2.045914025541629
312,양천구,신월1동,913.3827190293606,0.356674870905425,0.1375800712626642,0.11118166232776684,0.054880791722896984,0.15806686448905535,0.05350475694665686,0.8172418939619501,0.0011654294757476142,91.33827190293607,6,6,1.6891309116164153
313,양천구,신월2동,932.7286866248703,0.36433573475660397,0.14053581194760945,0.07117912248396724,0.054880791722896984,0.19170884989362885,0.044777285457783075,0.8189384089177008,0.0009846104272977561,93.27286866248704,6,6,1.6863560051801902
314,양천구,신월3동,701.4341753089321,0.27274477390295127,0.10519787426494173,0.05416216902660487,0.054880791722896984,0.15568391760098288,0.04110004712868167,0.8199110712048217,0.0009084240156389925,70.14341753089322,4,5,1.503680644851881
315,양천구,신월4동,789.1440579307692,0.3074772557936342,0.11859847918466167,0.06806781382944949,0.054880791722896984,0.2009013917422237,0.0356498546051921,0.8120149246068634,0.0007955048697876106,78.91440579307692,5,6,1.5975905114849216
316,양천구,신월5동,643.1922011342639,0.24968137154929632,0.09629947351089779,0.05784494253603403,0.054880791722896984,0.18722757569005025,0.030796616355907296,0.8212874989541059,0.0006949536479068071,64.3192201134264,4,5,1.4980182703191884
317,양천구,신월6동,278.14930203249,0.10512701229835753,0.04052701636712153,0.08159248206235317,0.054880791722896984,0.10841502076117009,0.022009449439613044,0.8204265713908853,0.0005128978070598914,27.814930203249006,3,3,1.2329783440423976
318,양천구,신월7동,912.0766621452756,0.3561576817846703,0.1373805275877312,0.08140199377738269,0.054880791722896984,0.17724519524238366,0.04745164060622046,0.8847136474897527,0.001040018726685948,91.20766621452756,6,7,1.7392314782110379
319,양천구,신정1동,884.7310961347446,0.34532903456886876,0.13320258189382134,0.06641691535970538,0.242914979757085,0.2516800539223049,0.03172189548092469,0.8211212548634581,0.0007141239300612038,88.47310961347446,7,8,1.892386715846168
320,양천구,신정2동,856.5692445716604,0.3341771441525956,0.1288999214030783,0.06400406375007937,0.242914979757085,0.20727682941268058,0.03766756005200424,0.8150071980156055,0.0008373084528081661,85.65692445716604,7,7,1.8299476965431285
321,양천구,신정3동,1991.6959339520881,0.7836791387285249,0.3023283178792306,0.10749888881833768,0.242914979757085,0.1680776247241575,0.11274052957599642,0.8536522275261808,0.0023926985713481207,199.16959339520884,10,9,2.570891707009513
322,양천구,신정6동,1040.7640795052814,0.407116972339032,0.15704181530847436,0.04165343831354372,0.242914979757085,0.21999242775715722,0.04355949873840534,0.79825123110122,0.000959379862397776,104.07640795052815,8,8,1.9105303633149178
323,양천구,신정7동,1232.3054844118808,0.4829659893297136,0.1863061423853686,0.058543399580925776,0.242914979757085,0.18707847224042967,0.06156960919116333,0.8015536988010269,0.00133252012859013,123.23054844118809,9,8,2.0209322912857126
324,양천구,목5동,1770.9315062640849,0.6962580151609568,0.26859920107571017,0.09111689631087688,0.3094916779127305,0.22472338734438857,0.074410095629308,0.8129481029181874,0.0015985541731972745,177.0931506264085,10,9,2.4775473763521583
325,양천구,신정4동,1477.1911501778295,0.5799389494712197,0.22372058143530796,0.18674201536605498,0.242914979757085,0.16502429557516493,0.08446280560691637,0.819708770366849,0.0018068300128618164,147.71911501778297,9,9,2.3025123975785977
326,영등포구,여의동,1922.1344276511402,0.5253289872549708,0.2952041162747549,0.5066988380214617,0.40215924426450744,0.28429188025900903,0.13294320780235835,0.9439732516509869,0.0028112652842484714,192.21344276511402,10,10,3.090599525528049
327,영등포구,당산1동,1208.5689667988104,0.32844506270710333,0.1848825583522126,0.19372658581497237,0.15699505173189385,0.22274257265170788,0.10581995880951053,0.9497090198600703,0.0022493155740709375,120.85689667988105,9,9,2.142320809927471
328,영등포구,당산2동,2047.625086719524,0.5599538322158946,0.31460573500867495,0.13607213156390882,0.2109761583445794,0.22893808478761019,0.1762818404710922,0.946507773944778,0.003709171433843883,204.76250867195242,10,9,2.573335556336538
329,영등포구,양평1동,1016.0896060455898,0.27533698220346814,0.15512407912191692,0.1912502381103562,0.13630229419703105,0.23326102326340048,0.08446787345751611,0.9348561432464886,0.0018069350105033785,101.60896060455899,8,8,2.0105986336001775
330,영등포구,양평2동,1299.150817641229,0.35343801887592147,0.1988870631281395,0.12699218998031622,0.12595591542959964,0.26382079649930784,0.0959979995475931,0.9357035091152643,0.0020458205148298604,129.9150817641229,9,8,2.1007954925761423
331,영등포구,신길1동,1114.3661050545095,0.3024530127251654,0.17031822327918433,0.0669883802146168,0.19163292847503374,0.1784474768925963,0.1217791174611727,0.9418387178199972,0.002579963446726005,111.43661050545096,10,8,1.9734578568677665
332,영등포구,신길3동,993.6846010901885,0.269155089234791,0.15166012915860208,0.09225982602069972,0.19163292847503374,0.24819466436112358,0.07747659065369164,0.9667782620060904,0.0016620869745466863,99.36846010901886,8,8,1.9971574899100322
333,영등포구,신길4동,589.8287289395441,0.15772490739030343,0.08922155633501287,0.024255508286240395,0.19163292847503374,0.18568174415616145,0.060638946204690305,0.9489656517633082,0.0013132383015619824,58.982872893954415,10,6,1.6581212426107506
334,영등포구,신길5동,659.0805624380574,0.17683257656621446,0.09992831076707691,0.03187503968505937,0.19163292847503374,0.15729933336774723,0.0806122969025274,0.9529803110667804,0.0017270537201677508,65.90805624380575,10,6,1.6911607968304394
335,영등포구,신길6동,1120.3068260654113,0.3040921510123146,0.17123669486036625,0.07492539208838657,0.19163292847503374,0.1957225172743112,0.1115667200671045,0.9601193831018093,0.0023683791428939782,112.03068260654113,10,8,2.009295786879326
336,영등포구,신길7동,974.0519326065413,0.26373812746678355,0.14862479926650551,0.031240078735157786,0.19163292847503374,0.29578122792588957,0.06337201312974561,0.963281318343597,0.0013698630136986301,97.40519326065413,8,8,1.9576704933427127
337,영등포구,대림1동,963.5283696729434,0.260834511072405,0.14699779246555458,0.06298812623023683,0.10436347278452542,0.21579627874752177,0.08655427722619671,0.9441691110087341,0.0018501619112862658,96.35283696729435,7,7,1.8217035695351744
338,영등포구,대림2동,1257.7920837462837,0.3420264942291969,0.19249275145343459,0.08337037272207759,0.10436347278452542,0.23281657144294268,0.10541731948573006,0.9512400577167437,0.0022409735405865207,125.77920837462837,8,8,2.0117270398346507
339,영등포구,대림3동,1670.134700198216,0.4557983021981834,0.25624342653585513,0.12940504158994223,0.10436347278452542,0.22944245735026136,0.14296038613035114,0.9504958541470251,0.003018804965785023,167.01347001982163,9,9,2.268708940736144
340,영등포구,영등포본동,1441.6149653121906,0.39274611608584287,0.22091288637972223,0.08762461108641818,0.18983355825461087,0.22707553953813445,0.12431696532015259,0.9453301399249392,0.0026325435365671776,144.16149653121906,9,9,2.18783981658982
341,영등포구,영등포동,1477.3158696729433,0.4025965566495684,0.22643246321520621,0.3948187186488031,0.16149347728295096,0.2484284639084526,0.1164105931440998,0.9506508048851686,0.002468736333600447,147.73158696729433,10,9,2.5008310777342495
342,영등포구,도림동,1254.7934340931615,0.3411991196652072,0.19202914198864748,0.0603212902406502,0.15519568151147098,0.2094505265305106,0.11702065272558534,0.9470435588150738,0.0024813757782738057,125.47934340931616,9,8,2.022259971477146
343,영등포구,문래동,1824.9329162537165,0.49850956270904334,0.28017617173693943,0.32929074861895996,0.11920827710301395,0.27480581773837354,0.13047856709315667,0.9376662609304001,0.0027602019277681014,182.49329162537165,10,9,2.5701354059298867
344,용산구,후암동,1703.0268513607245,0.2809736394247039,0.13417994552090512,0.048066543907549684,0.2388663967611336,0.37437295788631175,0.07444717281633041,0.3634647394903788,0.0015993223523526156,170.30268513607245,6,5,1.5143713958073133
345,용산구,용산2가동,1102.419188869395,0.18011273113491397,0.08616400814357829,0.028890723220521938,0.28722447143499774,0.3374347440339006,0.052643273736857024,0.3719635005701333,0.0011475809414441655,110.2419188869395,4,4,1.3444334522749029
346,용산구,남영동,774.0700028560938,0.12497258024149643,0.05991393686058246,0.10235570512413486,0.20917678812415655,0.3031366648980795,0.04050141393799973,0.3639552288756948,0.0008960213072431409,77.40700028560939,3,3,1.2040123180621445
347,용산구,원효로2동,1371.6728059080338,0.22532887816537317,0.10768964895994508,0.05765445425106356,0.2681061628430049,0.4108446355049593,0.05395006712198828,0.369659033098422,0.0011746555800403774,137.1672805908034,5,5,1.4932328799447563
348,용산구,효창동,824.4241625525317,0.13342862667634386,0.06393953015495205,0.02285859419645692,0.31893837156995053,0.3862379694557833,0.03348383056272799,0.3732808529208479,0.0007506283661201759,82.44241625525318,4,4,1.3321677755370624
349,용산구,용문동,1161.6058141907056,0.1900520262210819,0.09089571816408502,0.03543082100450822,0.2676563202878992,0.4081268040974096,0.045584531514809484,0.3732244872345134,0.0010013352557984852,116.16058141907057,5,5,1.4109707085243068
350,용산구,이촌1동,2671.6842670039573,0.44364167192724874,0.21161983967190612,0.04514572353800241,0.41250562303193883,0.49561408262668427,0.08891450745801967,0.36486985639090064,0.0018990620520870566,267.16842670039574,9,8,2.062311304644701
351,용산구,이촌2동,827.7021910318657,0.13397911071188548,0.06420159409454933,0.01574703155755921,0.41250562303193883,0.40003767262767836,0.032382831411475674,0.37881301701819603,0.0007278174501375406,82.77021910318658,5,5,1.4376668804532828
352,용산구,이태원1동,848.1898690277043,0.13741963593402054,0.06583949371703243,0.09841894723474506,0.30409356725146197,0.38172291656158414,0.03496554904665633,0.3713980767265274,0.000781327168937928,84.81898690277043,5,4,1.3938581864720279
353,용산구,이태원2동,994.9726998245543,0.16206908774771692,0.07757413456788913,0.041272461743602766,0.30409356725146197,0.35056402767472766,0.045389026992624495,0.36971865579485563,0.0009972847193155873,99.49726998245544,4,4,1.3506809617728788
354,용산구,서빙고동,1298.1903341629609,0.2129888610353155,0.101815048980639,0.017969394882214745,0.4219523166891588,0.4476528549987418,0.04653118499065259,0.37040180790259136,0.0010209483798209378,129.8190334162961,7,6,1.6193114694793138
355,용산구,보광동,1468.1925333550944,0.24153757476743162,0.11540597607030993,0.04711410248269731,0.3067926225820963,0.3234952224056706,0.07416935060059383,0.3725050659428791,0.001593566326824287,146.81925333550944,6,5,1.4810199148516785
356,용산구,청파동,1905.080884573014,0.3149048637265601,0.15033327557552734,0.11295955298749127,0.31893837156995053,0.31450063009110807,0.099883340123767,0.366831510304584,0.0021263184673906937,190.5080884573014,7,6,1.6783515443789885
357,용산구,원효로1동,1459.997462156759,0.24016136467857757,0.11475081622131669,0.10876881071814083,0.2663067926225821,0.4129587600697793,0.057294223422521,0.3674423009327014,0.0012439410725109987,145.9997462156759,6,6,1.5676830686656191
358,용산구,한강로동,1749.1013627646987,0.28871099836870534,0.13786339978302264,0.30922598260206996,0.31309041835357626,0.42733259320987543,0.06678133760433999,0.36647653265767394,0.001440498684996884,174.91013627646987,8,8,1.9094812625792636
359,용산구,한남동,2156.669570361908,0.3571545134543784,0.1704466829396198,0.12559527589053274,0.3666216824111561,0.35287685074925135,0.10091231129316172,0.3684375646806807,0.0021476370804585777,215.6669570361908,8,7,1.842044881418781
360,은평구,녹번동,858.8091029516104,0.4788274910140448,0.16204899750579577,0.11384849831735348,0.19208277103013946,0.11165273619496308,0.13307042549327647,0.2987119008590974,0.0028139010283866365,85.88091029516104,10,5,1.4902428204146703
361,은평구,불광1동,1023.282328478918,0.571490279632238,0.1934607042161629,0.10000634960949902,0.12955465587044535,0.10563063715960161,0.16804242662282828,0.3014492620503887,0.003538464147807258,102.3282328478918,10,6,1.5696343151611636
362,은평구,갈현1동,619.8750784348304,0.3442141341195722,0.11641649119854486,0.08603720871166423,0.012145748987854251,0.10395317700686167,0.10233348567404493,0.29830587057124247,0.002177081507697352,61.98750784348304,10,3,1.0634061162697845
363,은평구,갈현2동,755.2382163201863,0.42047655186174454,0.1422686453897073,0.09486316591529621,0.012145748987854251,0.11416506348273425,0.11413271576800424,0.29362183993340124,0.0024215424103483174,75.52382163201864,10,3,1.191673731338742
364,은평구,구산동,839.886315634061,0.4681665567759553,0.15843505339145228,0.07003619277414438,0.018443544759334234,0.12459114443095098,0.11662136004314087,0.28733331678364904,0.002473103081767762,83.9886315634061,10,4,1.2436271689586271
365,은평구,대조동,802.3852390775653,0.4470387755290784,0.15127295868370244,0.15416851863610387,0.04228520017993702,0.09450872887052796,0.14643051581243113,0.29737192542967616,0.003090700422322605,80.23852390775653,10,4,1.3330766231414568
366,은평구,응암1동,644.3344420156418,0.3579943274000157,0.1210878311850956,0.09511715029525684,0.1138101664417454,0.08358952149194239,0.13213172633686532,0.2964486566068712,0.0027944527049564957,64.43344420156419,10,3,1.2001793797577924
367,은평구,응암2동,518.8633203873143,0.2873049858135155,0.09712489095227661,0.035049844434567275,0.1138101664417454,0.0972547170088053,0.09108001090358057,0.3025038855279608,0.0019439277698313536,51.88633203873143,10,3,1.0241285010824512
368,은평구,신사1동,711.7822444049822,0.39599383422264695,0.1339692626771836,0.07543336084830783,0.038236617183985605,0.11512428320307941,0.10651397145201573,0.2947635495358331,0.002263694389950192,71.17822444049823,10,3,1.1600348791230524
369,은평구,신사2동,547.432053905747,0.30340036247206165,0.1025810536528655,0.10089529493936122,0.038236617183985605,0.11280091048384643,0.08297008679644667,0.2958306770049691,0.0017759033011267588,54.7432053905747,10,3,1.0367150025335363
370,은평구,증산동,403.85017614514845,0.2225075779736839,0.07515925403362668,0.058098926915994664,0.0931174089068826,0.09188146955848246,0.07441264332404698,0.2982291391978632,0.001598606957298492,40.38501761451485,10,2,0.9134064199105805
371,은평구,수색동,277.2225252529395,0.15116665783166988,0.05097543555194663,0.03320845767985269,0.10841205578047683,0.06929548001878354,0.06673932347570899,0.3050197602816215,0.00143962822042187,27.72225252529395,10,1,0.78481717062006
372,은평구,진관동,1389.9759261461736,0.7780822718507169,0.2634932077167451,0.09816496285478443,0.12595591542959964,0.1383620725552611,0.17557385008705761,0.30505720085619953,0.003694503021839789,138.99759261461736,10,7,1.8846894813503645
373,은평구,불광2동,736.0939659521066,0.409690847261961,0.13861240544047546,0.07740173979300273,0.12955465587044535,0.10367240063750285,0.12236270604630702,0.29419107017492724,0.0025920544553056047,73.60939659521067,10,4,1.2754858252246215
374,은평구,응암3동,650.0432673182055,0.3612106300570207,0.12217812381777142,0.11061019747285541,0.1138101664417454,0.0960689483543526,0.11620658599728476,0.3008252147216678,0.002464509636531188,65.00432673182056,10,3,1.220909866862698
375,은평구,역촌동,1220.9257975745695,0.6828408957575115,0.23120738708535332,0.15296209283129086,0.05982905982905983,0.11126855969791116,0.190985980422553,0.29396306407509004,0.004013817355367229,122.09257975745696,10,7,1.7230570396987697
376,종로구,사직동,561.8252425993401,0.14801429977446492,0.07197334872684225,0.2185535589561242,0.19838056680161945,0.2366174923957263,0.18552396952250008,0.22161186824568074,0.003900653351929417,56.18252425993401,10,4,1.2806751044229578
377,종로구,삼청동,175.8493553175567,0.04288050549778407,0.021174320786099144,0.041335957838592924,0.18038686459739092,0.2472388643000636,0.05368167710437851,0.22670043096706272,0.001169094974352979,17.584935531755672,10,2,0.813398621091372
378,종로구,부암동,602.9692993755598,0.1592212972666715,0.0773883970721935,0.02952568417042352,0.01349527665317139,0.2416737520722218,0.19513797325691057,0.21349467975829867,0.004099839910059762,60.29692993755598,10,2,0.9299370602498909
379,종로구,평창동,1093.2645406254217,0.29277005180523363,0.1419170955742375,0.040447012508730715,0.04768331084120558,0.27046681066172806,0.31828418189516344,0.19905947004221702,0.006651229541588652,109.32645406254217,10,4,1.310627933328516
380,종로구,무악동,472.6702489173506,0.1237298740542175,0.06023948875179736,0.027239824750777828,0.2222222222222222,0.27065258307625734,0.13595629197724807,0.22171408759960412,0.0028736914994583924,47.26702489173506,10,3,1.0617543724321246
381,종로구,교남동,620.6515157091508,0.16403765641144452,0.07971558752937506,0.015556543272588735,0.33771929824561403,0.5269655162780911,0.09131639524058836,0.2384822350875413,0.0019488252697476458,62.06515157091508,10,5,1.4537932320652431
382,종로구,가회동,260.1403089077816,0.06584004278014892,0.032268015101401544,0.04095498126865198,0.18038686459739092,0.21713787929864312,0.09213769204202042,0.21733610035496995,0.0019658412068743586,26.014030890778162,10,2,0.8460615754432269
383,종로구,종로1.2.3.4가동,484.22949713542624,0.12687843245953842,0.061760823613773656,1.0,0.08816914080071975,0.19222792582938905,0.1963940742473361,0.21996506493018922,0.0041258642844888525,48.42294971354263,10,7,1.885395461880946
384,종로구,종로5.6가동,320.28273404242265,0.08222189864149682,0.04018347520009996,0.47691916947107754,0.08816914080071975,0.19538816174282583,0.12687371558494068,0.22270087861473636,0.002685515253586509,32.02827340424226,10,3,1.232456440055897
385,종로구,이화동,493.32811330707983,0.12935675318451875,0.06295830996552727,0.07536986475331767,0.1862348178137652,0.18404733115943825,0.20900339572814575,0.2219087150627191,0.004387108966257797,49.33281133070798,10,3,1.068879187667432
386,종로구,창신1동,356.9060947333554,0.09219752923261255,0.045003546049925854,0.13969140897834784,0.10841205578047683,0.18740919088426325,0.14774431665662574,0.21786174548580514,0.0031179202441006244,35.69060947333554,10,2,0.9383197930680571
387,종로구,창신2동,573.0983708120177,0.15108492356579273,0.07345702678530427,0.048828497047431585,0.10841205578047683,0.19785086840495045,0.2263472517113285,0.2189136982920588,0.004746445520874851,57.30983708120178,10,3,1.0248943215873432
388,종로구,창신3동,425.6893440310135,0.11093301043655183,0.0540562416147551,0.010286367388405613,0.10841205578047683,0.25050844202241096,0.13209136585286196,0.16290405920489792,0.0027936165012150383,42.56893440310135,10,2,0.8291915423003602
389,종로구,숭인1동,384.7169592580324,0.09977277371274108,0.04866378735151239,0.025715918471014034,0.17183985605038238,0.20934917789017182,0.14271991269492382,0.1682656878064313,0.003013822746384264,38.47169592580324,10,2,0.8663271139771769
390,종로구,숭인2동,577.2757228908273,0.15222276893009187,0.07400681611661253,0.10857832243317037,0.17183985605038238,0.19191261272561688,0.23504333549119732,0.18064042770054453,0.0049266142669224,57.72757228908273,10,3,1.1142441394476157
391,종로구,청운효자동,760.6786463508888,0.2021788564996637,0.09814482716925622,0.058035430821004506,0.18038686459739092,0.24627458654164427,0.24229007197442132,0.21273882170531216,0.005076754888628691,76.06786463508888,10,3,1.240049459308693
392,종로구,혜화동,1165.424005986775,0.3124251614542914,0.15141414142053505,0.1038161153089085,0.13450292397660818,0.17306019253548102,0.5286810977914329,0.20616489338517827,0.011010312258461274,116.5424005986775,10,6,1.6100645258724355
393,중구,소공동,241.18696777332946,0.03429126742460072,0.026548608629656634,0.24230109848244333,0.2726045883940621,0.6008977782917267,0.013072204539350913,0.3202632321655858,0.0003277325938948946,24.118696777332946,5,5,1.5099787779274265
394,중구,회현동,488.9457875295835,0.07467174326652994,0.05584382947393747,0.591974093593244,0.21547458389563653,0.29448810761191296,0.06233809644279707,0.3242083457365376,0.0013484419375314036,48.89457875295835,10,6,1.6189988000205957
395,중구,명동,285.0540797593506,0.0414408609589476,0.03173549454837215,0.42339196139437424,0.09716599190283401,0.3152243948393143,0.03272615077742785,0.3132328857202407,0.0007349304703456296,28.50540797593506,10,4,1.2549177401415108
396,중구,필동,414.4374156731769,0.06252814525968982,0.047033894027729665,0.18877389040574005,0.09716599190283401,0.28307845185333064,0.05461945573838868,0.3349037377287816,0.0011885242260525695,41.44374156731769,10,3,1.0681035669164944
397,중구,장충동,464.3834907434032,0.07066850643737317,0.052939561890237206,0.04781255952758905,0.09851551956815115,0.2464667369329851,0.07096200982241387,0.34031204418103694,0.0015271154299861503,46.43834907434032,10,2,0.9276769383597865
398,중구,광희동,497.57134325717186,0.07607756221991276,0.0568637227725613,0.5810527652549369,0.07107512370670266,0.29623192607005844,0.06310043132718308,0.3273862397815183,0.0013642362794058565,49.75713432571719,10,5,1.4717877711328733
399,중구,을지로동,156.16363274424367,0.020433909169827274,0.01649537468607883,0.5937519842529685,0.09716599190283401,0.2673839236528618,0.020123802219921542,0.3311115648053577,0.00047383025623358254,15.616363274424367,10,4,1.3464665506898497
400,중구,신당5동,796.0977195815178,0.12473228675889511,0.09216174417445673,0.0763858022731602,0.21277552856500226,0.29843503485589257,0.10183657264004743,0.35130469729660796,0.0021667862759014865,79.60977195815178,10,4,1.2576316665640621
401,중구,황학동,1099.1422441441246,0.17412339265441132,0.1279939953994408,0.11207060765762905,0.16869095816464239,0.3143092094798277,0.13442638894754952,0.3185251863077826,0.0028419943910343417,109.91422441441246,10,4,1.3501397386112832
402,중구,중림동,1066.2829842295018,0.16876789187961963,0.12410868759515953,0.055876563591339135,0.28160143949617633,0.47844271124732346,0.08496991332300687,0.3395653654847956,0.0018173364619292194,106.6282984229502,6,5,1.5333325726174207
403,중구,신당동,773.7534228395745,0.12109054623203676,0.08951973486754543,0.7601117531271827,0.17408906882591094,0.30536005069330313,0.09661934327503066,0.3353695484792995,0.002058693748698201,77.37534228395745,10,7,1.8821600455003091
404,중구,다산동,1241.5049877242266,0.19732609976119628,0.14482709146148948,0.08216394691726459,0.17408906882591094,0.3203665961329963,0.1492919191930768,0.3355750139878675,0.0031499840575861704,124.15049877242267,10,4,1.4036397362798019
405,중구,약수동,1476.4486961137775,0.23561793030095665,0.17260704226210055,0.04692361419772684,0.17408906882591094,0.3347794835429473,0.17035142037424048,0.3424285274327016,0.003586302751867928,147.64486961137774,10,5,1.4767970869365845
406,중구,청구동,1219.4071354316427,0.19372452549014882,0.1422142219631103,0.04336783287827799,0.17408906882591094,0.34185187035278924,0.13728514476399709,0.35074146364414943,0.0029012231730635397,121.94071354316428,10,4,1.383274127918384
407,중구,동화동,921.6200924553759,0.14519029971859929,0.10700361998681118,0.05308273541177218,0.17408906882591094,0.39288925080978493,0.08944863076877468,0.32980561138893694,0.0019101282204416294,92.1620092455376,10,4,1.2915092169105902
408,중랑구,면목2동,539.5710663069923,0.3028165014816518,0.0965456283689053,0.12273795161597562,0.06522717049032839,0.079257723885045,0.042251666253112934,0.13967688053638255,0.0009322836953322218,53.95710663069923,2,2,0.8485135226314016
409,중랑구,면목4동,422.37399760380447,0.23595355022239586,0.07514772376432799,0.06755984506952822,0.06522717049032839,0.08002037622769215,0.03215481595745536,0.13163739830572574,0.0007230933398977791,42.23739976038045,1,1,0.6877008800374538
410,중랑구,면목5동,205.19674529029984,0.11205017792190765,0.03549538280810587,0.047495079052638264,0.06522717049032839,0.06988477077849363,0.01656336218666498,0.14011706112552313,0.0004000637157531037,20.519674529029984,1,1,0.48683300436366195
411,중랑구,면목7동,453.50701585458177,0.2537154746876502,0.08083200718501543,0.08781509937138866,0.06522717049032839,0.07648959852811826,0.03638937878603516,0.13176440994656344,0.0008108266108962668,45.35070158545818,1,1,0.7322331389950997
412,중랑구,상봉1동,521.9874309991253,0.29278473393354015,0.09333519866206416,0.06641691535970538,0.08142150247413406,0.09331556752080074,0.03443941424448427,0.145789768172922,0.0007704265095194023,52.198743099912534,2,2,0.8075031003676507
413,중랑구,상봉2동,392.0763548427405,0.21866822189789772,0.0696159636553213,0.12699218998031622,0.08142150247413406,0.07251671339401213,0.032865396256495094,0.13436876080024288,0.000737815410738501,39.20763548427405,1,1,0.7364487484584193
414,중랑구,중화1동,428.48650118707235,0.23944083905719712,0.07626374799613835,0.06311511842021715,0.06972559604138552,0.08963364537606587,0.02899025485824354,0.16029166342079618,0.0006575287685954948,42.84865011870724,1,1,0.7274608651700437
415,중랑구,중화2동,583.9478423215165,0.32813421842230883,0.1046479642918485,0.13162740491459776,0.06972559604138552,0.07387442012836709,0.04935746924351026,0.2108330775703041,0.0010795044037394403,58.39478423215166,3,2,0.9682001506123221
416,중랑구,묵1동,738.2478077751398,0.4161650129088082,0.13282013598351472,0.08959299003111308,0.0724246513720198,0.09733306410234514,0.04774213844743738,0.14565909375428496,0.0010460373706073342,73.82478077751398,3,2,1.0017370865995232
417,중랑구,묵2동,414.7333681247197,0.2315944391788943,0.07375269347456503,0.1065464473934853,0.0724246513720198,0.08562838076702838,0.029357938850188513,0.1505208608897112,0.0006651465843212171,41.47333681247197,1,1,0.7498254119258926
418,중랑구,망우3동,373.5554689854391,0.20810173672844995,0.0662344102329359,0.06432154422503016,0.04588394062078273,0.08251397500544656,0.02722206667226095,0.14025217320585925,0.0006208947783639311,37.35554689854391,1,1,0.6345298466907655
419,중랑구,신내1동,840.7544928665407,0.47464684666842516,0.15153586235097447,0.12038859610133977,0.058929374718848404,0.10412877059939883,0.05110913230625937,0.15102243538223786,0.001115796020230522,84.07544928665408,3,3,1.111761018127484
420,중랑구,신내2동,455.97239229983313,0.2551220145176867,0.08128213695851226,0.06432154422503016,0.058929374718848404,0.08540777765438151,0.032638175812034716,0.14589168736935457,0.0007331077718068748,45.597239229983316,1,1,0.7235927112558483
421,중랑구,면목본동,744.8696866570133,0.41994290914650956,0.13402916223464262,0.15296209283129086,0.06522717049032839,0.07834343263094086,0.060069880379615026,0.14316046183776787,0.0013014481810068334,74.48696866570133,3,3,1.0537351095510954
422,중랑구,면목3.8동,552.9574491543489,0.31045366402986646,0.09898972143656998,0.1268651977903359,0.06522717049032839,0.0759580023295259,0.04529228892807366,0.13151222624056763,0.000995280463580892,55.29574491543489,2,2,0.8542982712452678
423,중랑구,망우본동,647.7623797308322,0.3645415138576337,0.11629925727194869,0.23836434059305353,0.04588394062078273,0.07998859297774806,0.05079928624563157,0.1464854632592857,0.0011093765125964861,64.77623797308323,3,3,1.042362394826084
