,자치구,동,edu_percent,동별_친환경자동차수,store_총_개소,백화점_개소,합계_사업체수,㎡당 매매평균가,행정구역코드,가구수별_승용차수,동별_수소차_대수,택시
0,종로구,사직동,8319.397862917573,95.69517745635666,0.0,0.0,3544,756.0,1101053.0,0.14416865347686425,0.5694953893816949,1653814836.909091
1,종로구,삼청동,2603.9427207930025,29.95225914884742,0.0,0.0,753,716.0,1101054.0,0.1505559548951684,0.17068786625553495,1689369842.5333333
2,종로구,부암동,8928.650975917952,102.70320685044102,0.0,0.0,567,345.0,1101055.0,0.14720930160536125,0.5985766268687253,1597098098.1904762
3,종로구,평창동,16188.846625691609,186.21474488731857,0.0,0.0,739,421.0,1101056.0,0.16452438534618835,0.9710795130719432,1496235833.0
4,종로구,무악동,6999.208224454995,80.5094892839179,0.0,0.0,531,809.0,1101057.0,0.16463610202624546,0.4195589589209253,1654529068.0
5,종로구,교남동,9190.485763007126,105.71500251493626,0.0,0.0,347,1065.75,1101058.0,0.31877324895179804,0.2845284893831563,1771692127.764706
6,종로구,가회동,3852.1066087617933,44.309459840761605,0.0,0.0,747,716.0,1101060.0,0.13245433243777066,0.2870128162036564,1623939023.3
7,종로구,종로1.2.3.4가동,7170.375302099052,82.47836541410572,6.0,0.0,15851,511.0,1101061.0,0.11747440493338822,0.6023761855353724,1642308228.0
8,종로구,종로5.6가동,4742.683829573197,54.55346386465961,3.0,0.0,7613,511.0,1101063.0,0.11937485428342252,0.3920852270236303,1661424013.0
9,종로구,이화동,7305.105823610958,84.02812434826347,0.0,0.0,1289,729.0,1101064.0,0.1125548969443486,0.6405179090736384,1655888976.6666667
10,종로구,창신1동,5284.995362702882,60.79148724743292,1.0,0.0,2302,556.0,1101067.0,0.1145765954200178,0.4552163556386912,1627611831.6363635
11,종로구,창신2동,8486.328131709053,97.61531902886655,0.0,0.0,871,556.0,1101068.0,0.12085583526191855,0.6929810460477283,1634962077.6666667
12,종로구,창신3동,6303.524210862071,72.50727491320403,1.0,0.0,264,556.0,1101069.0,0.15252215837728894,0.4078680091773956,1243609324.090909
13,종로구,숭인1동,5696.813183173236,65.5284862537264,0.0,0.0,507,697.0,1101070.0,0.12777049460578954,0.4400181209721025,1281072306.375
14,종로구,숭인2동,8548.185540956658,98.32684357096413,1.0,0.0,1812,697.0,1101071.0,0.11728478725941227,0.7192856829706704,1367537575.7692306
15,종로구,청운효자동,11263.980015457657,129.56569504250857,0.0,0.0,1016,716.0,1101072.0,0.1499760738073519,0.7412062137397888,1591816737.0681818
16,종로구,혜화동,17257.369818311192,198.50560033368907,0.0,0.0,1737,614.0,1101073.0,0.10594763690788864,1.6075055897353459,1545883126.5
17,중구,소공동,2137.0005234714267,36.90753725125891,3.0,2.0,3918,921.0,1102052.0,0.3632333852007974,0.04784895870865461,2343115527.7058825
18,중구,회현동,4332.2299440401675,74.82072946849217,9.0,1.0,9425,794.0,1102054.0,0.1789699075876953,0.19687252287958493,2370680980.444445
19,중구,명동,2525.6784115959977,43.62028414913775,6.0,0.0,6770,531.0,1102055.0,0.1914399461110481,0.10729984867046193,2293992814.458333
20,중구,필동,3672.059823199369,63.419116291757895,0.0,0.0,3075,531.0,1102057.0,0.17210856132607014,0.17352453700367515,2445412244.115385
21,중구,장충동,4114.5994411389565,71.062094033163,0.0,0.0,855,534.0,1102058.0,0.15009162596748649,0.22295885277797794,2483201375.714286
22,중구,광희동,4408.655371480392,76.14065161133351,12.0,0.0,9253,473.0,1102059.0,0.18001857570809404,0.19917849679325506,2392885686.7297297
23,중구,을지로동,1383.6641672749258,23.896876128965665,2.0,0.0,9453,531.0,1102060.0,0.16267045077525386,0.06917921741010305,2418915424.285714
24,중구,신당5동,7053.703022125885,121.82252844071873,0.0,0.0,1305,788.0,1102065.0,0.1813434440960177,0.31635079628161705,2560009674.0
25,중구,황학동,9738.78303952578,168.19579305921127,3.0,0.0,1867,690.0,1102067.0,0.19088958738175132,0.4149311810910139,2330971385.315789
26,중구,중림동,9447.63855403921,163.16751822933946,0.0,0.0,982,941.0,1102068.0,0.2895934232019288,0.26533112344166604,2477984152.954545
27,중구,신당동,6855.7247719950155,118.40330155640586,16.0,0.0,12073,702.0,1102069.0,0.18550789327249448,0.3005692873099373,2448666975.315789
28,중구,다산동,11000.166522896348,189.9807937596308,0.0,0.0,1396,702.0,1102070.0,0.19453227635917056,0.4598976724075809,2450102612.0
29,중구,약수동,13081.849594125322,225.93295879321403,2.0,0.0,841,702.0,1102071.0,0.20319965539688653,0.5236002017727175,2497989750.75
30,중구,청구동,10804.371856406628,186.59927893654202,0.0,0.0,785,702.0,1102072.0,0.20745272804213044,0.4235785832672768,2556074225.6666665
31,중구,동화동,8165.874956684583,141.0305382908289,0.0,0.0,938,702.0,1102073.0,0.2381447267326553,0.2788787201844779,2409790415.2
32,용산구,후암동,15547.550777265493,176.2015055693827,0.0,0.0,859,846.0,1103051.0,0.2270097109251832,0.2335010634434819,2644974799.176471
33,용산구,용산2가동,10064.385246236076,114.06039822106165,0.0,0.0,557,953.5,1103052.0,0.2047964311479463,0.16754681745084815,2704357676.923077
34,용산구,남영동,7066.766249132972,80.08816761189767,0.0,0.0,1714,780.0,1103053.0,0.18417083103880413,0.13081911085749856,2648401965.9047623
35,용산구,원효로2동,12522.49932677792,141.9183810028969,1.0,0.0,1010,911.0,1103057.0,0.24894243301416225,0.17149971468589512,2688255811.15
36,용산구,효창동,7526.46766493941,85.29799665429027,0.0,0.0,462,1024.0,1103058.0,0.2341448913810087,0.10959174145354568,2713562333.090909
37,용산구,용문동,10604.721449263536,120.18406707740013,0.0,0.0,660,910.0,1103059.0,0.2473080294210572,0.14619494734657884,2713168492.55
38,용산구,이촌1동,24390.776204659516,276.42241217511935,0.0,0.0,813,1232.0,1103063.0,0.29991965278445865,0.27726305960471026,2654792687.2592587
39,용산구,이촌2동,7556.3939777224705,85.63715369864131,0.0,0.0,350,1232.0,1103064.0,0.2424435240280802,0.10626134772008093,2752216887.7
40,용산구,이태원1동,7743.433432616591,87.7568852258354,2.0,0.0,1652,991.0,1103065.0,0.2314297050553081,0.11407376666493747,2700406925.2
41,용산구,이태원2동,9083.46721612469,102.94358398955484,0.0,0.0,752,991.0,1103066.0,0.2126918982096097,0.14560356902007573,2688672409.2
42,용산구,서빙고동,11851.651148557674,134.31561059202738,1.0,0.0,385,1253.0,1103069.0,0.2710775389774401,0.14905846345385693,2693445756.4814816
43,용산구,보광동,13403.662980945777,151.90467175323352,1.0,0.0,844,997.0,1103070.0,0.1964137168368019,0.2326606837163459,2708141723.8
44,용산구,청파동,17392.17544575462,197.1067689420213,1.0,0.0,1881,1024.0,1103071.0,0.19100470067906694,0.3104424962390413,2668499232.6538463
45,용산구,원효로1동,13328.847198988127,151.05677914235588,0.0,0.0,1815,907.0,1103072.0,0.2502137895727093,0.1816153965866058,2672766972.958333
46,용산구,한강로동,15968.181729160715,180.96854624831693,9.0,1.0,4972,1011.0,1103073.0,0.2588576828125941,0.21031280800954505,2666018918.875
47,용산구,한남동,19689.019951854418,223.13707209596473,0.0,0.0,2080,1130.0,1103074.0,0.21408274472522412,0.3135550137469523,2679721118.9705877
48,성동구,왕십리2동,14696.15076644031,183.22160884526787,0.0,0.0,803,859.0,1104052.0,0.1933689491652852,0.21083263246425568,2890428932.714286
49,성동구,마장동,19562.20597668606,243.88827445862552,1.0,0.0,3282,684.0,1104054.0,0.1654459135944681,0.3280067283431455,2955199159.4814816
50,성동구,사근동,10857.724789311862,135.36672533597923,0.0,0.0,1106,471.0,1104055.0,0.11945656581904528,0.25214465937762826,2957298624.5
51,성동구,행당1동,13546.242562321662,168.8853357264514,3.0,0.0,1459,850.0,1104056.0,0.1806017594979712,0.2080740117746005,2983219263.333333
52,성동구,행당2동,20305.597336813466,253.15637215093074,2.0,0.0,592,850.0,1104057.0,0.19057564749630024,0.29557611438183345,3023473852.1666665
53,성동구,응봉동,13284.678935610169,165.62433839026997,0.0,0.0,379,742.0,1104058.0,0.19561667331003715,0.1883936080740118,2947824194.6923075
54,성동구,금호1가동,13111.382910482429,163.4638014554624,0.0,0.0,506,845.0,1104059.0,0.2201065546964179,0.16524810765349032,3364218947.722223
55,성동구,금호4가동,12542.097369992705,156.36633666494973,0.0,0.0,635,1005.0,1104062.0,0.1863124058293276,0.18674516400336416,3655787653.7272725
56,성동구,성수1가1동,14228.089539693423,177.38613992789047,0.0,0.0,1601,1035.0,1104065.0,0.17690695414069504,0.22311185870479394,2933351892.758621
57,성동구,성수1가2동,12783.416133955627,159.3749348265042,0.0,0.0,2346,1035.0,1104066.0,0.14341759010161229,0.24726661059714045,2963007307.0
58,성동구,성수2가1동,14833.006038620624,184.92782726574669,2.0,0.0,2605,865.0,1104067.0,0.15031685845389714,0.2737426408746846,2720796735.413793
59,성동구,성수2가3동,9648.701585967396,120.29344662725184,1.0,0.0,5203,865.0,1104068.0,0.15931738518943145,0.1680067283431455,2815678674.826087
60,성동구,송정동,9537.759738105244,118.9102991502956,0.0,0.0,692,516.0,1104069.0,0.14858922488904774,0.17806560134566862,2476200683.5454545
61,성동구,용답동,12680.572231192902,158.09274701939881,1.0,0.0,2089,467.0,1104070.0,0.14132163653693147,0.24891505466778804,2254204699.448276
62,성동구,왕십리도선동,22555.206485434315,281.2029684354885,1.0,0.0,2079,756.0,1104071.0,0.23702054248291785,0.26398654331370897,2802782421.296296
63,성동구,금호2.3가동,19813.2422747683,247.0180242240009,1.0,0.0,1034,915.0,1104072.0,0.1968431430096569,0.27922624053826745,3333709602.387097
64,성동구,옥수동,22283.925324603504,277.82081949548603,1.0,0.0,867,1059.0,1104073.0,0.218701544627336,0.28265769554247266,3193945012.4375
65,광진구,화양동,21301.34736149926,164.10641858660122,1.0,0.0,2437,702.0,1105053.0,0.05727977625423353,0.2147099367439224,1842485398.9333332
66,광진구,군자동,18918.214039125432,145.74666566054822,1.0,0.0,1580,499.0,1105054.0,0.07429233144723812,0.14702206877004936,1855358097.8333333
67,광진구,중곡1동,14169.981916817358,109.166098479234,2.0,0.0,1612,444.0,1105055.0,0.09065395839642854,0.09024619626132104,1882045954.5882356
68,광진구,중곡2동,19493.6011836265,150.17947087152316,0.0,0.0,1622,444.0,1105056.0,0.09667037654955166,0.11642467888844515,1948429109.0
69,광진구,중곡3동,15323.33256616801,118.05155728272557,0.0,0.0,1330,444.0,1105057.0,0.09290025048021333,0.09523196042308138,1738908643.642857
70,광진구,중곡4동,26758.93736643104,206.1519068190577,1.0,0.0,1563,444.0,1105058.0,0.1018435579291956,0.15169863825511135,1872463263.625
71,광진구,능동,10211.833634719713,78.67236830403462,0.0,0.0,783,789.0,1105059.0,0.07863327466562514,0.07497970909934168,1805098739.1666667
72,광진구,구의1동,19994.27387802072,154.03667301778944,0.0,0.0,1846,789.0,1105060.0,0.08319851013194042,0.13875111116836938,1973748519.6666667
73,광진구,구의2동,24023.70146309387,185.07954174897526,1.0,0.0,1297,789.0,1105061.0,0.11270047863392273,0.12307236443745892,1989264851.3333333
74,광진구,구의3동,26172.385993753087,201.63309195473545,5.0,0.0,2652,789.0,1105062.0,0.1096905883078839,0.13775911158062895,1949589252.8461535
75,광진구,광장동,31181.689298043726,240.22496179893983,1.0,0.0,1419,897.0,1105063.0,0.12474687853786146,0.14431661534893908,1935652941.0416667
76,광진구,자양1동,21019.665296728588,161.9363288713776,0.0,0.0,1711,773.0,1105064.0,0.0897571324377002,0.13520825549786786,1922707660.8888886
77,광진구,자양2동,23560.815387144503,181.5134491986536,2.0,0.0,1487,773.0,1105065.0,0.1043775530931207,0.13032555622834027,1857137904.3125
78,광진구,자양3동,25876.963340457012,199.35714420462293,2.0,1.0,1353,773.0,1105066.0,0.11240496530398664,0.13291506164568867,1794842948.0
79,광진구,자양4동,20657.2572743712,159.14432320118146,3.0,0.0,1996,773.0,1105067.0,0.07127259269941784,0.16733873565143453,1725971337.7058823
80,동대문구,회기동,9974.114520033594,73.25129961738824,1.0,0.0,997,578.0,1106071.0,0.05574328403176949,0.14342535960668226,1471930652.6666667
81,동대문구,휘경1동,11357.685736870706,83.41244119471479,1.0,0.0,977,549.0,1106072.0,0.060781562122156685,0.14978286668144652,1487570533.2105262
82,동대문구,휘경2동,19491.68929400721,143.14970714007322,0.0,0.0,1210,549.0,1106073.0,0.07614757045034586,0.20518120525293096,1461109958.642857
83,동대문구,청량리동,17460.901289461985,128.23531446074801,1.0,0.0,1679,646.0,1106080.0,0.0750389272299727,0.18651947679346906,1479492546.6842105
84,동대문구,용신동,24773.28832567561,181.93851313889851,5.0,0.0,5640,647.0,1106081.0,0.06992740908634877,0.283975169859548,1322864779.7
85,동대문구,제기동,21374.431302801244,156.97682920804306,4.0,0.0,4750,564.0,1106082.0,0.0712719565511926,0.2403920136670101,1343123836.1785715
86,동대문구,전농1동,24019.10636826244,176.39969478890475,4.0,1.0,2199,719.0,1106083.0,0.07536810232505373,0.2554544150441439,1414324420.642857
87,동대문구,전농2동,15774.262091793884,115.84839901410228,0.0,0.0,894,719.0,1106084.0,0.08836400240923109,0.1430928130827715,1369043428.0
88,동대문구,답십리1동,22859.541919865616,167.8836904193359,1.0,0.0,1961,699.0,1106091.0,0.09257921738207353,0.19792386640758464,1373019548.7096775
89,동대문구,답십리2동,22454.934538807367,164.91219691605048,0.0,0.0,2186,699.0,1106086.0,0.08764878127645089,0.20535725929500134,1283065662.0416667
90,동대문구,장안1동,30393.61039474334,223.21494875637455,1.0,0.0,4572,568.0,1106087.0,0.08882045348385471,0.27429219754567624,1340187363.372093
91,동대문구,장안2동,24531.454028951142,180.16244805647503,2.0,0.0,3164,568.0,1106088.0,0.08788481748439109,0.22374512591124268,1411240494.6
92,동대문구,이문1동,20881.46139024752,153.35638884771836,1.0,0.0,1477,540.0,1106089.0,0.0517046723565323,0.3237242602469973,1369080390.0416667
93,동대문구,이문2동,17055.518798478333,125.25812844117277,1.0,0.0,705,540.0,1106090.0,0.08179831387996038,0.16713397060549548,2134223004.409091
94,중랑구,면목2동,16735.008141674447,127.49604921756132,0.0,0.0,2035,460.0,1107052.0,0.04953829106748001,0.1361134195185044,1081315467.5714283
95,중랑구,면목4동,13100.095112790244,99.80337966467964,0.0,0.0,1166,460.0,1107054.0,0.04999692206484429,0.10557162762507576,1025141681.0666668
96,중랑구,면목5동,6364.257495461194,48.486243926820485,1.0,0.0,850,460.0,1107055.0,0.04390174268085148,0.05840930249995314,1084391114.7
97,중랑구,면목7동,14065.697878460456,107.15984681989578,1.0,0.0,1485,460.0,1107057.0,0.04787364254772319,0.11838068519085496,1026029141.8
98,중랑구,상봉1동,16189.644799545262,123.34118589625795,2.0,0.0,1148,496.0,1107059.0,0.05799215987102825,0.11248227038983273,1124027676.5384614
99,중랑구,상봉2동,12160.40184541354,92.64430462553932,2.0,0.0,2102,496.0,1107060.0,0.0454844959214316,0.10772104996782114,1044226364.5365852
100,중랑구,중화1동,13289.676807620785,101.24771222133202,0.0,0.0,1096,470.0,1107061.0,0.05577798765778083,0.09599920021494224,1225355889.5
101,중랑구,중화2동,18111.37124614416,137.98190357885758,1.0,0.0,2175,470.0,1107062.0,0.04630097068835368,0.15760764294595828,1578500846.6785715
102,중랑구,묵1동,22897.04516264973,174.44167175061924,1.0,0.0,1513,476.0,1107064.0,0.06040813417683821,0.1527214561086708,1123114623.1
103,중랑구,묵2동,12863.11799425207,97.99796396886416,0.0,0.0,1780,476.0,1107065.0,0.05336936920920341,0.0971114013108977,1157084953.6842105
104,중랑구,망우3동,11585.969310077007,88.2679769788826,1.0,0.0,1115,417.0,1107068.0,0.05149648042258603,0.09065063764113394,1085335175.142857
105,중랑구,신내1동,26076.330184957875,198.6631287256797,1.0,0.0,1998,446.0,1107069.0,0.06449482148408565,0.1629062189536562,1160589574.7096775
106,중랑구,신내2동,14142.16249537544,107.74239428441223,2.0,0.0,1115,446.0,1107070.0,0.05323670663162092,0.10703373468380373,1124739810.357143
107,중랑구,면목본동,23102.425332049483,176.00636535365933,1.0,0.0,2511,460.0,1107071.0,0.0489884700201916,0.19001143442699772,1105656083.88
108,중랑구,면목3.8동,17150.192053353327,130.65913751663,0.0,0.0,2100,460.0,1107072.0,0.04755396019559243,0.14531094768281025,1024267073.8888887
109,중랑구,망우본동,20090.604140174983,153.0607354703085,1.0,0.0,3856,417.0,1107073.0,0.04997780879028102,0.16196897083908698,1128888664.6136365
110,성북구,돈암1동,14070.475148932175,105.8577890356432,2.0,0.0,389,520.0,1108058.0,0.08513321014611404,0.10194329582524324,157134657.95
111,성북구,돈암2동,21677.829702448358,163.0909474699958,1.0,0.0,433,520.0,1108059.0,0.10745220390388624,0.12443695899103052,120748948.73684213
112,성북구,안암동,14804.706234489719,111.38170194801279,0.0,0.0,1456,400.0,1108060.0,0.0560817539150086,0.1628272632150271,4424260437.227468
113,성북구,보문동,14639.161141601164,110.13624027501358,2.0,0.0,1330,653.0,1108061.0,0.08476365028485094,0.10652596003737752,218093423.44
114,성북구,정릉1동,15990.112029163232,120.29998190700199,0.0,0.0,753,458.0,1108062.0,0.0858113443961707,0.1149359042508547,105359673.1818182
115,성북구,정릉2동,20814.936627599192,156.5990591641035,0.0,0.0,887,458.0,1108063.0,0.08738991389538693,0.1469138358410224,170983688.77419356
116,성북구,정릉3동,14833.869618729155,111.60110970387794,0.0,0.0,677,458.0,1108064.0,0.07298669119878448,0.12536020635977552,141689412.44827586
117,성북구,정릉4동,23297.25527433229,175.27453108980157,1.0,0.0,921,458.0,1108065.0,0.08644333362369222,0.16623488532148595,197257567.88
118,성북구,길음1동,32447.695952752714,244.1169410771365,2.0,0.0,1092,694.0,1108066.0,0.09891957338985984,0.2023254642815177,126547593.78260869
119,성북구,길음2동,10093.104186630391,75.93444303721127,4.0,1.0,935,624.5,1108068.0,0.05989455410341168,0.10394086740489153,155068348.7
120,성북구,월곡1동,23891.673664859598,179.74657740787652,0.0,0.0,1351,555.0,1108071.0,0.08980971857181662,0.16408623689967938,117791613.3125
121,성북구,월곡2동,17757.070015434892,133.59351064471383,3.0,0.0,1589,502.0,1108072.0,0.07712487470600199,0.14201223162877624,216205550.0
122,성북구,장위1동,18208.24472455086,136.98787769133344,0.0,0.0,928,628.0,1108076.0,0.07871231463053427,0.14268368426059078,147816665.57894737
123,성북구,장위2동,12925.383444236712,97.24280803329113,0.0,0.0,1478,628.0,1108077.0,0.060866083331358775,0.13098362215122233,112233252.33333331
124,성북구,장위3동,10026.199952198747,75.43109583257944,1.0,0.0,628,628.0,1108078.0,0.06904211200459584,0.08957178108406028,284792305.8965517
125,성북구,성북동,15355.37954865788,115.52463663228994,1.0,0.0,1132,457.0,1108081.0,0.07728082232492234,0.1225568916219498,232608735.8
126,성북구,삼선동,23134.28342122957,174.04842892467286,1.0,0.0,1906,612.0,1108082.0,0.0730668727243323,0.1952919979632604,178577471.65714285
127,성북구,동선동,14055.035710217182,105.74163198842048,2.0,0.0,1995,622.0,1108083.0,0.06057314909841526,0.14312012847127026,136111123.68181822
128,성북구,종암동,36776.743019118265,276.68608648453045,0.0,0.0,2022,592.0,1108084.0,0.08247965833446412,0.27502699799123753,196827989.53846157
129,성북구,석관동,29202.840582817906,219.7046016524938,0.0,0.0,2137,580.0,1108085.0,0.07529623917659134,0.23922178639972694,312760315.47222215
130,강북구,번1동,12649.502983757331,86.05945217781769,1.0,0.0,1836,419.0,1109060.0,0.03962124198851096,0.14313285528235867,506012732.5
131,강북구,번2동,11090.808466624343,75.4550516389762,0.0,0.0,678,419.0,1109061.0,0.045295816809261986,0.10977389339567872,433859265.625
132,강북구,번3동,12017.788173358313,81.76165244723846,0.0,0.0,912,419.0,1109062.0,0.04725783726268741,0.114010450173385,458485960.85714287
133,강북구,수유1동,14153.706554356411,96.29312977099238,2.0,0.0,1432,392.0,1109063.0,0.04573665173021699,0.13873938899436694,447079231.6666667
134,강북구,수유2동,14272.826297942185,97.10354737314772,1.0,0.0,1339,392.0,1109064.0,0.04895054563065776,0.13072131301878204,422626260.9090909
135,강북구,수유3동,15384.188160971153,104.66457117198023,2.0,0.0,2446,392.0,1109065.0,0.04295525485157023,0.16056550187506866,408411263.2
136,강북구,삼양동,16838.336094637907,114.55770094297262,2.0,0.0,1186,522.0,1109069.0,0.0436538812340898,0.17292997128555962,412509388.0
137,강북구,미아동,14717.62448941672,100.12968118545128,0.0,0.0,1670,522.0,1109070.0,0.04264434520657165,0.15472846809245108,325635468.84210527
138,강북구,송중동,18722.709059659664,127.37781769196228,3.0,1.0,1962,522.0,1109071.0,0.043999854538992085,0.1907705826050117,319775778.82758623
139,강북구,송천동,18703.70058993853,127.24849573417154,1.0,0.0,2106,522.0,1109072.0,0.04406391131462952,0.19029985407415545,472084181.15789473
140,강북구,삼각산동,21241.331297709923,144.51297709923662,0.0,0.0,775,522.0,1109073.0,0.0539094845531388,0.17664872667932405,538474057.65
141,강북구,우이동,13873.014818140997,94.38347552761564,0.0,0.0,1029,375.0,1109074.0,0.0502514548082677,0.12377022171313805,490947932.27272725
142,강북구,인수동,20938.46301348653,142.45244723843737,1.0,0.0,1557,419.0,1109075.0,0.048410692975413616,0.19390877281072005,386928508.5862069
143,도봉구,쌍문1동,16667.338373593953,125.77835146597825,0.0,0.0,890,370.0,1110051.0,0.05705370246735575,0.06484216209349593,838064044.4285715
144,도봉구,쌍문2동,15293.999631200442,115.41459216915608,0.0,0.0,1242,370.0,1110052.0,0.05398536350039208,0.06288109756097561,836782054.4545455
145,도봉구,쌍문3동,12935.245752219385,97.61449909117252,0.0,0.0,971,370.0,1110053.0,0.04990642843687875,0.057529852642276426,832852866.5333332
146,도봉구,쌍문4동,14938.774566880043,112.73392282722912,0.0,0.0,616,370.0,1110054.0,0.061299470175652175,0.05409203506097561,862710817.9285715
147,도봉구,방학1동,22712.852805071874,171.40020313245466,2.0,0.0,2266,368.0,1110055.0,0.05408125167405635,0.0932180513211382,808896697.7906978
148,도봉구,방학2동,16087.682410895393,121.4040374770598,0.0,0.0,1207,368.0,1110056.0,0.05299311128749351,0.0673828125,835281741.8
149,도봉구,방학3동,21801.00938682683,164.5190707421945,1.0,0.0,872,368.0,1110057.0,0.06334194363908217,0.07639418191056911,860737648.2857143
150,도봉구,창1동,19860.64820912691,149.87633506903282,0.0,0.0,1413,535.0,1110059.0,0.0543172380215579,0.08115790142276423,762821643.2
151,도봉구,창2동,23298.453957131445,175.8193818802338,2.0,0.0,1356,535.0,1110060.0,0.058923397333657715,0.0877635924796748,807811762.7368423
152,도봉구,창3동,11258.702352414319,84.96263709245453,0.0,0.0,929,535.0,1110061.0,0.051649488398034335,0.04838351117886179,763359981.9090909
153,도봉구,창4동,21152.98374647665,159.62881202637797,0.0,0.0,1277,535.0,1110062.0,0.059630912974516816,0.07873634400406504,788163260.55
154,도봉구,창5동,19343.41673471897,145.97310104815173,1.0,0.0,2133,535.0,1110063.0,0.058543998485248085,0.0733374618902439,788212391.9354838
155,도봉구,도봉1동,16972.77247701589,128.0832784524468,1.0,0.0,1714,373.0,1110064.0,0.0529158474634008,0.0711937881097561,802934286.7714286
156,도봉구,도봉2동,21572.11959642791,162.79177752605744,2.0,0.0,1465,373.0,1110065.0,0.05762802326873232,0.08308720782520325,1236185558.5666664
157,노원구,월계1동,21092.031841068303,153.70754159369528,0.0,0.0,1488,518.0,1111051.0,0.0573219666197268,0.0456689245579644,755262558.3809524
158,노원구,월계2동,23373.127159953296,170.33095446584937,0.0,0.0,944,518.0,1111052.0,0.053423521048286286,0.05430099179007434,618985589.3225808
159,노원구,월계3동,28455.460070052533,207.36830122591945,1.0,0.0,963,518.0,1111053.0,0.05848175501705018,0.06039050521126488,734531791.9166666
160,노원구,공릉2동,36374.05698701109,265.0748358143608,0.0,0.0,1834,452.0,1111056.0,0.0585644986018631,0.07708693204976419,674307394.8205128
161,노원구,하계1동,26183.12135507881,190.80870183887922,1.0,0.0,1103,536.0,1111058.0,0.06333834257738888,0.05130718319973604,587648438.56
162,노원구,하계2동,20886.25164915353,152.2079246935201,0.0,0.0,395,536.0,1111059.0,0.06644909028993967,0.03901170351105332,629324448.6666666
163,노원구,중계본동,23522.865086835962,171.42216506129597,1.0,0.0,1198,530.0,1111060.0,0.0705632437528373,0.041374725850591,610301973.1666666
164,노원구,중계1동,24825.84774883246,180.91761164623463,1.0,0.0,1000,530.0,1111061.0,0.07195715028717241,0.042820682025503175,577589288.2820513
165,노원구,중계4동,19125.29860259778,139.37503283712783,0.0,0.0,1049,530.0,1111064.0,0.06223217938461266,0.038143159365720165,645462622.2727273
166,노원구,상계1동,35910.83264010508,261.69910245183894,1.0,0.0,3114,508.0,1111065.0,0.06303200067826893,0.07071113871474875,738093648.1764706
167,노원구,상계2동,18935.28029772329,137.99028021015764,3.0,1.0,2614,508.0,1111066.0,0.06017476363577815,0.03905537332841644,658421048.3142858
168,노원구,상계5동,22968.57205925277,167.38277145359018,1.0,0.0,1605,508.0,1111069.0,0.0626014368483697,0.045537915105875036,641982809.9642857
169,노원구,상계8동,21389.756374051376,155.87720008756568,0.0,0.0,595,508.0,1111072.0,0.0615029073227845,0.043165188362478894,606482827.8636364
170,노원구,상계9동,19569.25842089901,142.6103765323993,0.0,0.0,713,508.0,1111073.0,0.0619049266647405,0.03923490479979815,582181756.8235294
171,노원구,상계10동,14904.615517367192,108.6169330122592,0.0,0.0,455,508.0,1111074.0,0.05418505626720989,0.034140092774100884,613309157.8387097
172,노원구,상계3.4동,23311.830932574434,169.88426007005253,0.0,0.0,1278,508.0,1111076.0,0.04474335740737796,0.06466529511092134,655184970.4444443
173,노원구,상계6.7동,31068.430677174547,226.4102451838879,0.0,0.0,1958,508.0,1111077.0,0.06190226321140345,0.062292568367525177,625272070.275
174,노원구,중계2.3동,33087.70353911266,241.1256348511384,4.0,1.0,1361,530.0,1111078.0,0.05792173261538909,0.07090037458998892,544596213.125
175,노원구,공릉1동,35017.659041155865,255.19012697022762,1.0,0.0,2849,452.0,1111079.0,0.05419730167172181,0.08019234128447489,589874698.2857143
176,은평구,녹번동,26303.60520520192,212.26898327953967,0.0,0.0,1895,742.0,1112051.0,0.06901945695986582,0.41082955014444894,2192531217.8
177,은평구,불광1동,31341.0911566523,252.9212821890392,3.0,0.0,1677,603.0,1112052.0,0.06539798865462504,0.5166157655798597,2211657815.6
178,은평구,갈현1동,18985.533902301984,153.21245688647556,1.0,0.0,1457,342.0,1112055.0,0.06438922597224789,0.3178539001238134,2189694187.0
179,은평구,갈현2동,23131.436089454663,186.6697124671394,1.0,0.0,1596,342.0,1112056.0,0.07053027795294979,0.3535451919108543,2156965743.8636365
180,은평구,구산동,25724.03807524002,207.59190101421882,0.0,0.0,1205,356.0,1112057.0,0.0768001385912638,0.3610730499380933,2113026327.529412
181,은평구,대조동,24575.45510246768,198.32288492533826,3.0,0.0,2530,409.0,1112058.0,0.058709683110965485,0.4512422616591003,2183168488.7666674
182,은평구,응암1동,19734.675290055082,159.25799625153283,1.0,0.0,1600,568.0,1112059.0,0.05214327442062328,0.4079900949236484,2176717388.527777
183,은평구,응암2동,15891.74577682266,128.2457173557312,1.0,0.0,654,568.0,1112060.0,0.06036101912369873,0.28381345439537764,2219026722.25
184,은평구,신사1동,21800.466581635792,175.92884474209808,0.0,0.0,1290,400.0,1112065.0,0.07110711732317503,0.330499380932728,2164943142.111111
185,은평구,신사2동,16766.74894702522,135.30695599037045,0.0,0.0,1691,400.0,1112066.0,0.06970992664023265,0.2592818819645068,2172399417.142857
186,은평구,증산동,12369.123194973608,99.81830187054254,1.0,0.0,1017,522.0,1112067.0,0.05712974623640521,0.23339661576557985,2189158046.5294123
187,은평구,수색동,8490.771503447031,68.52016749168486,2.0,0.0,625,556.0,1112068.0,0.04354736494705301,0.21018572018159304,2236605741.3
188,은평구,진관동,42572.182666005014,343.55571641246263,1.0,0.0,1648,595.0,1112071.0,0.08508146698574852,0.5393974411886092,2236867347.5555553
189,은평구,불광2동,22545.085989181123,181.937891917829,2.0,0.0,1321,603.0,1112072.0,0.064220377416865,0.3784399504746183,2160943091.8
190,은평구,응암3동,19909.525191422006,160.66902757214982,2.0,0.0,1844,568.0,1112073.0,0.05964794157810657,0.3598184069335535,2207297447.5555553
191,은평구,역촌동,37394.51532811392,301.7721596338477,0.0,0.0,2511,448.0,1112074.0,0.06878842738039155,0.5860173338836154,2159349958.609756
192,서대문구,천연동,16111.950204283767,136.34013866534605,0.0,0.0,941,746.0,1113052.0,0.0882777171152832,0.3027591111395217,2478307489.388889
193,서대문구,홍제1동,19562.939748669054,165.54258697536213,0.0,0.0,1163,562.0,1113062.0,0.09045141480676107,0.3587723433667068,3404441089.647059
194,서대문구,홍제3동,14057.769617432217,118.95755849944288,1.0,0.0,1201,562.0,1113064.0,0.07809458328055935,0.2986040639557647,3048994856.923077
195,서대문구,홍제2동,12634.733477776399,106.91575461186085,0.0,0.0,594,562.0,1113065.0,0.0956416449287278,0.21913878656641286,3147137968.0
196,서대문구,홍은1동,20415.746186702985,172.75907824687388,1.0,0.0,964,456.0,1113066.0,0.0945207680352919,0.3582929148455041,3152869636.769231
197,서대문구,홍은2동,24538.49000866658,207.64594527671161,0.0,0.0,1176,456.0,1113068.0,0.0892465544276493,0.4560963331708604,3260848110.135135
198,서대문구,남가좌1동,14551.009848953821,123.13138232016838,2.0,0.0,797,708.0,1113069.0,0.4611895122990832,0.052337613564630965,3171751083.1875
199,서대문구,남가좌2동,21141.64690479138,178.90168688869633,1.0,0.0,1243,708.0,1113070.0,0.07532192055320297,0.465604998841381,3145117349.318182
200,서대문구,북가좌1동,16337.842385786802,138.25164974619292,0.0,0.0,665,632.0,1113071.0,0.10378635080056416,0.2611287345484183,3086224665.125
201,서대문구,북가좌2동,28965.807558499448,245.1101306178036,0.0,0.0,2381,632.0,1113072.0,0.09505698633305401,0.5054774708547412,2928922008.294117
202,서대문구,충현동,15474.88349015724,130.94924786430605,0.0,0.0,1825,543.0,1113073.0,0.08233181903966735,0.3117883482888397,2861341837.111111
203,서대문구,북아현동,15086.551987123934,127.66316701745696,0.0,0.0,864,979.0,1113074.0,0.14875183636059094,0.16823945856539008,3447117376.6
204,서대문구,신촌동,20234.69402624737,171.22700569518386,3.0,1.0,3720,651.0,1113075.0,0.06568250784967264,0.5110308512253394,3412800914.647059
205,서대문구,연희동,34223.934554909,289.6046675745945,1.0,0.0,2318,561.0,1113076.0,0.07769155516751594,0.7307289710664887,3130260266.4761906
206,마포구,용강동,21528.89087092575,201.7578832122456,0.0,0.0,2550,915.0,1114059.0,0.15102429325520494,0.40231526723295497,3381124715.35
207,마포구,대흥동,12986.540300601253,121.70329149832149,1.0,0.0,1547,736.0,1114060.0,0.09160210606247657,0.4001102508206169,3461224500.647059
208,마포구,염리동,12418.064266653551,116.37582145103387,0.0,0.0,699,938.0,1114061.0,0.10620149817071378,0.3300007517101406,3460631862.777777
209,마포구,신수동,20729.412033885583,194.2655716574481,1.0,0.0,1230,819.0,1114063.0,0.13892651451861246,0.4211080207471999,3445925090.0952377
210,마포구,서교동,24967.31531037196,233.98105906682645,3.0,0.0,9686,765.0,1114066.0,0.09661661909441822,0.7293091783808163,3377938918.023256
211,마포구,합정동,18570.533985231352,174.0336578156585,2.0,0.0,2044,891.0,1114068.0,0.12712044778859055,0.4122879550978476,3360886774.7727275
212,마포구,망원1동,21032.662627245638,197.1074829368541,0.0,0.0,1802,638.0,1114069.0,0.12814858706039928,0.4632037886191085,3394863094.5555553
213,마포구,망원2동,18671.30064007827,174.97799197119778,1.0,0.0,1360,638.0,1114070.0,0.13790094534943484,0.3821193214563131,3445693713.0
214,마포구,연남동,16534.28705426818,154.9509808235346,1.0,0.0,1611,775.0,1114071.0,0.10836104409112876,0.4306296825277505,3327271462.826087
215,마포구,성산1동,19433.70495316532,182.1228598272591,0.0,0.0,1488,828.0,1114072.0,0.12831871739869855,0.42742238592798615,3381094043.125
216,마포구,성산2동,39682.09880447977,371.8805722139254,1.0,0.0,1747,732.5,1114073.0,0.15418385382640518,0.7263524518279085,3405403568.9705877
217,마포구,상암동,31893.59688786853,298.89066904096967,1.0,0.0,2324,777.0,1114074.0,0.1538830343559575,0.5849307173820442,2202599599.5013328
218,마포구,도화동,21717.115377149228,203.52182814429062,0.0,0.0,2047,710.5,1114075.0,0.1430436368538796,0.4284747801247839,3201775139.4
219,마포구,서강동,24357.01160837459,228.2616012568621,1.0,0.0,1779,889.0,1114076.0,0.1196416692086629,0.5745571174421811,3365673125.392857
220,마포구,공덕동,38506.17095499264,360.86037079503774,3.0,0.0,2781,938.0,1114077.0,0.14248749030233662,0.7626851086221154,3325537561.038461
221,마포구,아현동,24255.294324708368,227.30835828853475,0.0,0.0,1630,1169.0,1114078.0,0.13051437200872942,0.5244932220802325,3439374599.571429
222,양천구,목1동,28518.69447286632,261.94090292537567,5.0,2.0,2943,1003.0,1115051.0,0.13184214005160494,0.18143843408230456,5740427978.30303
223,양천구,목2동,27900.136308195102,256.25951788441614,1.0,0.0,1145,1003.0,1115052.0,0.11493584354280376,0.2036126376106754,5871284480.130435
224,양천구,목3동,20411.54080039304,187.4776362024586,1.0,0.0,1233,1003.0,1115053.0,0.11503961217764196,0.14882718687364194,5825423422.363636
225,양천구,목4동,23977.036584818805,220.22630168003502,1.0,0.0,1352,1003.0,1115054.0,0.11999362445390667,0.16760664263056838,5721307450.083333
226,양천구,신월1동,19662.944839739823,180.60186907902462,0.0,0.0,1853,437.0,1115057.0,0.0969312022741548,0.17015270345915168,5815624383.9
227,양천구,신월2동,20079.41724038492,184.42711980262524,0.0,0.0,1223,437.0,1115058.0,0.1171622518056614,0.1437531223854724,5827478339.9375
228,양천구,신월3동,15100.199741533072,138.69358425274223,0.0,0.0,955,437.0,1115059.0,0.09549818588276816,0.1326299062832929,5834274564.133333
229,양천구,신월4동,16988.383684542187,156.03633489623942,0.0,0.0,1174,437.0,1115060.0,0.12269030751411215,0.11614371098899115,5779102298.0
230,양천구,신월5동,13846.389370814597,127.17748133591087,0.0,0.0,1013,437.0,1115061.0,0.11446737873896848,0.10146323259439384,5843891994.25
231,양천구,신월6동,5987.889051469097,54.998066838265935,1.0,0.0,1387,437.0,1115062.0,0.06707241428321438,0.07488307983074413,5837876487.3125
232,양천구,신월7동,19634.828559527494,180.34362430443556,1.0,0.0,1384,437.0,1115063.0,0.1084643432209865,0.1518427340961484,6287065674.4
233,양천구,신정1동,19046.14394258189,174.93662433647694,1.0,0.0,1148,855.0,1115064.0,0.15322672257269562,0.10426209378893576,5842730407.0
234,양천구,신정2동,18439.886650503584,169.36822138440013,0.0,0.0,1110,855.0,1115065.0,0.1265242606457401,0.12224703410999226,5800010028.473684
235,양천구,신정3동,42876.44869004262,393.8152110991253,0.0,0.0,1795,855.0,1115066.0,0.10295130434984427,0.34933399141682564,6070032098.914893
236,양천구,신정6동,22405.160794198382,205.78880475066484,0.0,0.0,758,855.0,1115069.0,0.13417095262411774,0.1400694599100753,5682932077.291667
237,양천구,신정7동,26528.58901408752,243.6620149739931,1.0,0.0,1024,855.0,1115070.0,0.11437771342230192,0.194547938774159,5706007209.5185175
238,양천구,목5동,38123.91870040265,350.1637740443665,0.0,0.0,1537,1003.0,1115071.0,0.13701597727381698,0.23338890928680206,5785622638.206897
239,양천구,신정4동,31800.391553898888,292.08291020944364,1.0,0.0,3043,855.0,1115072.0,0.1011151447859422,0.2637971818778252,5832861039.76
240,강서구,염창동,32562.957586922705,530.9694886276095,1.0,0.0,2126,632.0,1116051.0,0.11344071228205785,0.2412533205196783,5998146986.043478
241,강서구,등촌1동,18702.900205595983,304.96828586622837,2.0,0.0,1892,621.0,1116052.0,0.09136802989354767,0.17204145096510395,6162007324.72
242,강서구,등촌2동,17559.671735604552,286.3268760841005,0.0,0.0,737,621.0,1116053.0,0.10829031112910904,0.13628410049048495,6032830832.833333
243,강서구,등촌3동,26420.48628669789,430.81074731905153,3.0,1.0,2657,621.0,1116054.0,0.08907611420958783,0.24928603160500096,6123163240.945946
244,강서구,화곡본동,28890.33612707522,471.08395970252366,0.0,0.0,1356,613.0,1116055.0,0.0958347282552405,0.25336585100499553,6107008173.625
245,강서구,화곡2동,15910.723449373854,259.439231558073,0.0,0.0,848,613.0,1116057.0,0.09847501976310273,0.1357945221624856,5982446250.0
246,강서구,화곡3동,18045.54383535092,294.2494752415048,1.0,0.0,1212,613.0,1116058.0,0.10060508556042964,0.15075385996246565,6092376749.75
247,강서구,화곡4동,18016.963123601126,293.78343999695164,1.0,0.0,1482,613.0,1116059.0,0.09277923943115456,0.16321090853044906,5953719157.5
248,강서구,화곡6동,19720.69110735225,321.56431874170613,0.0,0.0,1846,613.0,1116061.0,0.09441954223913268,0.17554102938376595,6151058899.25
249,강서구,화곡8동,21302.951066166785,347.36454769710963,0.0,0.0,1259,613.0,1116063.0,0.09560564165264404,0.18727277672508366,5934693861.64
250,강서구,가양1동,26640.398985439297,434.3966296174192,0.0,0.0,3512,784.0,1116064.0,0.14041523903962072,0.15945747468245405,6155122843.40625
251,강서구,가양2동,12514.382203107627,204.05870999700142,1.0,0.0,595,684.0,1116065.0,0.07699167691659248,0.13661048604248452,6137729566.142858
252,강서구,가양3동,13112.195423873987,213.80661386223906,1.0,0.0,907,684.0,1116066.0,0.08127368148014577,0.13559506432515253,6121784414.75
253,강서구,발산1동,30866.374781109025,503.3051186939932,1.0,0.0,2340,784.0,1116067.0,0.11234316524718936,0.2309177780396921,6094421100.8292675
254,강서구,공항동,22742.307466232392,370.834600429747,0.0,0.0,2096,529.0,1116069.0,0.11708661661801867,0.16324717359178234,6122905160.72
255,강서구,방화1동,36803.22373846732,600.1109953264603,1.0,0.0,2677,549.0,1116070.0,0.11576991162783212,0.2671828393729771,6164047742.891892
256,강서구,방화2동,19364.22611913965,315.751823608251,3.0,0.0,3318,549.0,1116071.0,0.08918452370641143,0.18248578862909,6114514335.815789
257,강서구,방화3동,19777.852530851822,322.4963892308125,0.0,0.0,908,549.0,1116072.0,0.08823997332526935,0.18837886109574886,6162491895.458333
258,강서구,화곡1동,43416.48287390388,707.9463727466863,3.0,0.0,3104,613.0,1116073.0,0.09154769526656134,0.3985892891141352,6005859191.914286
259,강서구,우장산동,36841.331354133705,600.7323756525311,0.0,0.0,1684,759.0,1116074.0,0.113532077486574,0.2727313937569697,6134513185.64
260,구로구,신도림동,28597.234256053784,270.8194902459828,2.0,1.0,2864,701.0,1117051.0,0.08065535644616204,0.2944489044892793,5362870626.055554
261,구로구,구로1동,16658.088522780658,157.7542430088988,1.0,0.0,736,527.0,1117052.0,0.07866076942375214,0.17586770660587986,5322716312.6
262,구로구,구로3동,20507.29221913585,194.20669759125718,1.0,0.0,7227,527.0,1117054.0,0.05524392038784017,0.3082782989844771,5945622850.85
263,구로구,구로4동,20652.502155142927,195.58185438075557,0.0,0.0,2042,527.0,1117055.0,0.05977557317918314,0.2869247762978242,5720884818.0
264,구로구,구로5동,25913.51135498055,245.4042888484467,4.0,1.0,4907,527.0,1117056.0,0.06347984386466837,0.33900768234584033,5792581718.7
265,구로구,고척1동,18747.286973814444,177.5392213206351,5.0,0.0,2590,459.0,1117061.0,0.07315910473445025,0.2128085976642387,5409244415.5625
266,구로구,고척2동,22460.40387150331,212.7029163986992,1.0,0.0,1407,459.0,1117062.0,0.07122863228439202,0.2618677886446608,5426902147.571428
267,구로구,개봉2동,25632.214620307142,242.74037255465402,0.0,0.0,1170,455.0,1117064.0,0.07645586054149554,0.2784161827355245,5429703284.823529
268,구로구,개봉3동,16844.352576821155,159.51818758181562,1.0,0.0,990,455.0,1117065.0,0.07484211688974375,0.1869077825503513,5579883455.6
269,구로구,오류1동,17220.68199212746,163.08207559648423,1.0,0.0,1125,430.0,1117067.0,0.06833829453315879,0.20926921025953554,5365154784.833333
270,구로구,오류2동,34514.34908298099,326.85532947460126,0.0,0.0,1575,449.0,1117068.0,0.07946675528266693,0.3606893601561081,5602656183.25
271,구로구,수궁동,19357.016652755163,183.31343988177503,0.0,0.0,1266,436.0,1117069.0,0.0769281072531763,0.20896449478760745,5382807177.5
272,구로구,가리봉동,12320.796978694872,116.67953366812168,0.0,0.0,986,315.0,1117070.0,0.054991514142514894,0.18606395508962734,5450027418.2
273,구로구,구로2동,27589.12757989993,261.27259023093103,5.0,0.0,7816,527.0,1117071.0,0.06001938043599744,0.3817381673708329,5509582384.205882
274,구로구,개봉1동,26349.141163001783,249.52975921694198,0.0,0.0,1704,455.0,1117072.0,0.07087330950889917,0.3087470920182126,5380234087.0
275,금천구,가산동,14526.096889627237,171.77656965369005,5.0,0.0,14339,456.0,1118051.0,0.05258439924403218,0.11799856430553132,5617469847.333333
276,금천구,독산1동,24840.284905578683,293.74572968376634,5.0,0.0,4085,521.0,1118052.0,0.07449483548625296,0.14243447218827,5657062617.344828
277,금천구,독산2동,13126.8784313108,155.2302841103688,0.0,0.0,1194,521.0,1118053.0,0.06024220722589891,0.0930776245076926,5668859455.272727
278,금천구,독산3동,18233.788245853688,215.62141712693042,1.0,0.0,2174,521.0,1118054.0,0.060756693540861766,0.12819393516093358,5726235585.8
279,금천구,독산4동,11150.987170352058,131.86462536561942,0.0,0.0,1018,521.0,1118055.0,0.060709487281149624,0.07845876258657819,5725056977.0
280,금천구,시흥1동,22020.467740856075,260.40032910664866,2.0,0.0,3023,419.0,1118057.0,0.06537933460846718,0.14387016665696606,5849560866.117647
281,금천구,시흥2동,13809.858578621453,163.30678172277098,0.0,0.0,577,419.0,1118058.0,0.07583215696411938,0.07778941854374018,5639695990.625
282,금천구,시흥3동,6972.336460371387,82.45050606052257,3.0,0.0,3325,419.0,1118059.0,0.06777421967155328,0.04394389150806123,5691607732.25
283,금천구,시흥4동,13509.347313804763,159.753122773314,0.0,0.0,855,419.0,1118060.0,0.06707243971311906,0.08603496110044041,5667676005.2
284,금천구,시흥5동,12671.954263623877,149.8506343963688,0.0,0.0,1160,419.0,1118061.0,0.06137175762700998,0.08819820344178647,5950568742.454545
285,영등포구,여의동,28831.59554013875,384.59523538156594,2.0,0.0,8082,1209.0,1119054.0,0.1728382724261433,0.4104447315002768,6701126711.790698
286,영등포구,당산1동,18128.26987115957,241.81964568880082,1.0,0.0,3153,664.0,1119055.0,0.13582478835680048,0.3284000738143569,6741203897.058825
287,영등포구,당산2동,30713.927948463832,409.7043582755204,1.0,0.0,2245,784.0,1119056.0,0.13955054090639435,0.5415390293412069,6718836025.666667
288,영등포구,양평1동,15241.121605550048,203.3069152626363,4.0,0.0,3114,618.0,1119061.0,0.14215019670475515,0.2638125115334933,6637423293.291667
289,영등포구,양평2동,19486.97779980178,259.94394945490586,0.0,0.0,2102,595.0,1119062.0,0.16052771748934005,0.29868979516515964,6643344041.424242
290,영등포구,신길1동,16715.247571853317,222.97082259663037,1.0,0.0,1157,741.0,1119063.0,0.10918735107334014,0.3766746632219967,6686212213.037037
291,영등포구,신길3동,14905.051437066399,198.82395193260655,3.0,0.0,1555,741.0,1119065.0,0.15113073780839364,0.2426646982838162,6860470777.263158
292,영등포구,신길4동,8847.3017839445,118.01740584737364,0.0,0.0,484,741.0,1119066.0,0.1135377726543877,0.19173279202804944,6736009806.25
293,영등포구,신길5동,9886.064122893957,131.87383795837462,0.0,0.0,604,741.0,1119067.0,0.09646963735920046,0.2521498431444916,6764061191.666667
294,영등포구,신길6동,16804.357086223983,224.1594871159564,0.0,0.0,1282,741.0,1119068.0,0.11957592337126816,0.3457833548625208,6813943596.631578
295,영등포구,신길7동,14610.565708622395,194.89569871159568,0.0,0.0,594,741.0,1119069.0,0.17974754246291588,0.2,6836036794.939394
296,영등포구,대림1동,14452.714568880081,192.79006442021804,1.0,0.0,1094,547.0,1119070.0,0.13164754333555725,0.2701236390477948,6702495228.0
297,영등포구,대림2동,18866.60584737364,251.66858027750249,0.0,0.0,1415,547.0,1119071.0,0.14188291976833428,0.32718213692563203,6751901625.0
298,영등포구,대림3동,25051.654806739345,334.1732185332012,1.0,0.0,2140,547.0,1119072.0,0.1398538519676952,0.4407455250046134,6746701696.541667
299,영등포구,영등포본동,21623.908820614462,288.44925668979187,1.0,1.0,1482,737.0,1119073.0,0.1384304748715374,0.3843513563388079,6710607614.916667
300,영등포구,영등포동,22159.414568880078,295.592564420218,8.0,1.0,6320,674.0,1119074.0,0.15127133623519798,0.3604355047056653,6747784374.434783
301,영등포구,도림동,18821.62675916749,251.06858771060456,1.0,0.0,1052,660.0,1119075.0,0.12783144194103113,0.3622808636279756,6722579682.7894745
302,영등포구,문래동,27373.594152626363,365.14641972249746,4.0,0.0,5288,580.0,1119076.0,0.1671337042086012,0.4029894814541428,6657058258.119047
303,동작구,노량진2동,13916.670889260718,112.81066966303112,0.0,0.0,1634,666.0,1120052.0,0.06902809521497337,0.12911952779144126,7034455795.555554
304,동작구,상도1동,46998.79690755646,380.97945943305206,1.0,0.0,1697,796.0,1120053.0,0.08448039255304554,0.35629791369236863,6923625464.173913
305,동작구,상도2동,27009.44996030631,218.94274582605618,1.0,0.0,1344,796.0,1120054.0,0.09453500259600507,0.1829808165272996,7020770666.375
306,동작구,상도3동,25466.719826080585,206.43713863478146,1.0,0.0,1017,796.0,1120055.0,0.0911523792411081,0.17893177210178401,6907493570.55
307,동작구,상도4동,29438.325839979483,238.63158640399624,0.0,0.0,934,796.0,1120056.0,0.09124477476726772,0.20662723597231053,7092599011.873925
308,동작구,사당1동,23407.476639349272,189.74459738388072,0.0,0.0,1856,757.0,1120063.0,0.07455184050812431,0.2010845440476048,6001760706.642858
309,동작구,사당3동,26031.868759236426,211.01832260586,0.0,0.0,959,757.0,1120065.0,0.10247108031915764,0.1626996028937171,6965145088.25
310,동작구,사당4동,14679.281497856544,118.99250827460705,1.0,0.0,664,757.0,1120066.0,0.0868234872769476,0.10828044581478773,6977321604.428572
311,동작구,사당5동,12846.681514955359,104.13717161107515,0.0,0.0,508,757.0,1120067.0,0.0853935421751029,0.09634926157426846,6881836234.636364
312,동작구,대방동,39258.88286087669,318.23852852449414,0.0,0.0,1734,726.0,1120068.0,0.09489090016840912,0.26496946720573944,7014689853.606061
313,동작구,신대방1동,26471.537120314613,214.582341805391,0.0,0.0,1052,613.0,1120069.0,0.09243409280555592,0.18341271459935451,6809916629.909091
314,동작구,신대방2동,20500.996411690707,166.18422267547663,0.0,0.0,1238,613.0,1120070.0,0.08919368437831772,0.14720525955874414,6779480430.793103
315,동작구,흑석동,32324.378997764947,262.02637614959025,1.0,0.0,1514,1003.0,1120071.0,0.07452118015896872,0.27780043909637325,7024261464.733335
316,동작구,노량진1동,31907.08314178585,258.6437119093274,0.0,0.0,2148,706.0,1120072.0,0.06877429776227037,0.2971278778208343,7007933134.923078
317,동작구,사당2동,27957.849632986065,226.6306190993808,1.0,1.0,1667,815.5,1120073.0,0.08645271024563246,0.2071131213033724,5634659106.473684
318,관악구,보라매동,23685.30651488347,151.82758633951232,1.0,1.0,1407,602.0,1121052.0,0.050930340843093086,0.09065777569279228,6429974583.615385
319,관악구,청림동,14828.663564341203,95.0547207907084,2.0,0.0,446,602.0,1121054.0,0.05617286818105365,0.0514609791240827,6467298279.333333
320,관악구,행운동,27310.150757634037,175.06356818706254,1.0,0.0,1480,602.0,1121057.0,0.042328491254482,0.12577488858358746,6402674663.692307
321,관악구,낙성대동,15952.903622798247,102.26132605184219,0.0,0.0,1323,602.0,1121058.0,0.038896848349985066,0.07995174747847067,6411857323.6875
322,관악구,중앙동,14101.002999769247,90.39026997923237,1.0,0.0,1028,602.0,1121061.0,0.042698364076593484,0.06437858124183225,6408997178.666667
323,관악구,인헌동,24488.33512806707,156.97516152603646,1.0,0.0,1025,602.0,1121062.0,0.04364698220093552,0.10937238213316357,6477360724.0
324,관악구,남현동,17045.740327667103,109.26662949003924,1.0,0.0,846,604.0,1121063.0,0.05027406100866376,0.06609590188653956,6092277946.555554
325,관악구,서원동,21473.61318360126,137.65018652411354,1.0,0.0,1312,487.0,1121064.0,0.041080319916200016,0.10189994303521764,6439439336.166667
326,관악구,신원동,18051.544881162987,115.71403930466886,1.0,0.0,847,487.0,1121065.0,0.04489343627655774,0.07838521596354255,6387954732.666667
327,관악구,서림동,22324.19544650412,143.10259018537036,1.0,0.0,1311,602.0,1121066.0,0.03981715782314757,0.10929698756827397,6373565328.05
328,관악구,신사동,23724.785016537196,152.08065148834706,1.0,0.0,1384,487.0,1121068.0,0.04277090422855366,0.10813256039942364,6466098157.846154
329,관악구,신림동,19968.9439273902,128.00495346511806,1.0,0.0,1659,487.0,1121069.0,0.03501783382612676,0.11116509734276044,6427229551.192307
330,관악구,난향동,14977.6051842166,96.00946657949386,0.0,0.0,426,602.0,1121071.0,0.059385903955983615,0.04916563348188855,6465485910.0
331,관악구,조원동,17786.859472348282,114.01735251134527,1.0,0.0,2215,487.0,1121072.0,0.042958851075564936,0.08071407030124317,6302592405.3
332,관악구,대학동,22272.155603415118,142.76900430736097,1.0,0.0,1669,602.0,1121073.0,0.036904262792396114,0.11764902992326508,6397474810.538462
333,관악구,은천동,32118.4528113222,205.88575301899849,2.0,0.0,1640,602.0,1121078.0,0.05205177261431871,0.1202878396944007,6383092442.238095
334,관악구,성현동,29638.4851165295,189.9886604876548,0.0,0.0,877,602.0,1121079.0,0.05759510614166664,0.10031665717253628,6424560217.318182
335,관악구,청룡동,27134.29197754019,173.93627797861703,2.0,0.0,1856,602.0,1121080.0,0.03759616860488827,0.14069463525784942,6433388488.785714
336,관악구,난곡동,26454.185062687484,169.57665564187369,1.0,0.0,973,487.0,1121081.0,0.05158813760646908,0.0999648158697182,6377391901.818182
337,관악구,삼성동,23389.217752480577,149.92959772325207,1.0,0.0,1052,602.0,1121082.0,0.05210396561050408,0.0875079583151828,6372489921.8
338,관악구,미성동,29873.56164910391,191.4955484193524,1.0,0.0,1598,487.0,1121083.0,0.0543612556138159,0.10712729953422913,6353432680.45
339,서초구,서초1동,25233.371635669828,379.7187074216673,2.0,0.0,3612,1118.0,1122051.0,0.3299162910050193,1.5177054683062865,3761189786.125
340,서초구,서초2동,21644.978932497725,325.7195883723637,3.0,0.0,4356,1118.0,1122052.0,0.30274964432878965,1.4186965150635278,4041883450.111111
341,서초구,서초3동,35970.47887658246,541.293646428384,0.0,0.0,7525,1118.0,1122053.0,0.3509169134998388,2.0340325328806723,3728375211.9473686
342,서초구,서초4동,37213.784431821034,560.0032499321029,4.0,0.0,2869,1118.0,1122054.0,0.4438039149543011,1.6639056048703602,3928926358.944445
343,서초구,잠원동,40892.23783843,615.357627184404,3.0,0.0,2137,1768.0,1122055.0,0.3571153665384594,2.2722092110553085,3780541142.9393935
344,서초구,반포본동,14717.32248501129,221.4703112768536,1.0,0.0,682,2064.0,1122056.0,0.421265915834926,0.6932477361633154,3769415849.3333335
345,서초구,반포1동,37555.31333316597,565.1426706499636,1.0,0.0,1508,2064.0,1122057.0,0.32320903533388423,2.3057056980402417,3945760882.8
346,서초구,반포2동,19603.992861104198,295.0062693563811,1.0,0.0,455,2064.0,1122058.0,0.37270113968565377,1.0437579369890813,3816351793.5
347,서초구,반포3동,23900.00537699441,359.6538457149509,3.0,1.0,969,2064.0,1122059.0,0.4004803184180884,1.184221106168995,3715670229.32
348,서초구,반포4동,24094.16221816996,362.5755711915429,2.0,1.0,3586,2064.0,1122060.0,0.3880865236805468,1.231967479882325,3806879558.875
349,서초구,방배본동,25434.5461939963,382.7460374335577,1.0,0.0,1583,1052.0,1122061.0,0.3760119132098193,1.3422653044293982,3795671655.466666
350,서초구,방배1동,20682.38206329608,311.23416628058504,0.0,0.0,1805,1052.0,1122062.0,0.3363665260323494,1.2201234181859952,3568374645.833333
351,서초구,방배2동,26305.91274023594,395.85860056645583,1.0,0.0,1977,1052.0,1122063.0,0.2747026217057056,1.900231648404944,3952187014.9583335
352,서초구,방배3동,26045.087586126632,391.93363200452796,0.0,0.0,1196,1052.0,1122064.0,0.34947811185601196,1.4788421408652035,3686089026.8333335
353,서초구,방배4동,28587.84043381116,430.19767529435387,1.0,0.0,2396,1052.0,1122065.0,0.32379061848030144,1.751995813736814,3739702764.611111
354,서초구,양재1동,54636.436878513254,822.1841095665312,1.0,0.0,3599,993.5,1122066.0,0.3574363400666082,3.033190175044511,3926366388.387097
355,서초구,양재2동,28108.29642849808,422.9813653822892,3.0,0.0,5271,1036.0,1122067.0,0.3149327868187099,1.7710573505293452,3949319639.310345
356,서초구,내곡동,21857.849686075733,328.92292594308515,0.0,0.0,681,1018.0,1122068.0,0.3815243040415919,1.1368448593836749,4070513644.444445
357,강남구,신사동,21087.97751039816,508.27536427784673,2.0,1.0,4365,1071.0,1121068.0,0.35074888621353056,0.9183894728515524,4937691237.2
358,강남구,논현1동,28484.69246492393,686.555523487861,1.0,0.0,5578,1079.0,1123052.0,0.2655781997484327,1.638352620387044,4983400832.5161295
359,강남구,논현2동,26404.662347269994,636.4213621991294,2.0,0.0,5542,1079.0,1123053.0,0.3037456623624881,1.3278799130802983,4894706916.512197
360,강남구,삼성1동,18056.129399236102,435.1999020920517,5.0,1.0,4169,1519.0,1123058.0,0.4006367008954037,0.6884338167892756,5073520212.928572
361,강남구,삼성2동,36098.05255976311,870.0573967080278,1.0,0.0,3740,1519.0,1123059.0,0.3599781462537353,1.5317782710052068,4878778864.171429
362,강남구,대치1동,30294.80404710542,730.1839427311569,2.0,0.0,1133,1672.0,1123060.0,0.6032387451227698,0.7671268571641284,4871840735.315789
363,강남구,대치4동,25174.63884570913,606.7745815622527,1.0,1.0,3699,1672.0,1123063.0,0.31356246626457296,1.226386736835248,4989787699.142858
364,강남구,역삼1동,43638.01375460542,1051.7901646351377,2.0,0.0,15590,1332.0,1123064.0,0.2637119077948001,2.5276882058154313,4869778572.549021
365,강남구,역삼2동,43591.843478800925,1050.677340337892,2.0,0.0,3480,1332.0,1123065.0,0.396405922366026,1.67978372442546,4841370918.7
366,강남구,도곡1동,27043.943089178432,651.8296986225303,0.0,0.0,1688,1246.0,1123066.0,0.4136090948192235,0.9987762376053344,4758632364.8125
367,강남구,도곡2동,41084.44234664893,990.2424208105535,1.0,0.0,1858,1246.0,1123067.0,0.4398580038511123,1.4267673595116117,4960176553.35
368,강남구,개포1동,9234.055160899656,222.5648594491217,0.0,0.0,467,2538.0,1123068.0,0.13965856712446112,1.0099808758044029,4916317314.5
369,강남구,개포4동,22398.50303131045,539.8624539458182,0.0,0.0,2182,2538.0,1123071.0,0.3144628829595062,1.0880224837258214,4985703085.333333
370,강남구,일원본동,29337.06678746852,707.0999720523953,0.0,0.0,448,1379.0,1123072.0,0.4523979002083552,0.9905681886920632,4941516983.666667
371,강남구,일원1동,20286.508876561093,488.9578758359165,1.0,0.0,2162,1379.0,1123073.0,0.3411448491182573,0.9083574130686656,5709119067.090909
372,강남구,일원2동,19643.67657497539,473.46393754349685,2.0,0.0,646,1379.0,1123074.0,0.3704510150518639,0.8099911126000996,5234295593.277778
373,강남구,수서동,19440.053820145295,468.55609705308035,1.0,0.0,1527,1292.0,1123075.0,0.3259288588951592,0.9110934293730892,4973733725.466665
374,강남구,세곡동,53800.20984449807,1296.7256458545298,0.0,0.0,1025,993.0,1123076.0,0.4346259528167695,1.8908478393381447,5868893565.294118
375,강남구,압구정동,33320.73289213868,803.1167351352536,4.0,2.0,4131,1906.0,1123077.0,0.41105222085666987,1.2382428074877507,4864617534.836735
376,강남구,청담동,35734.60961945592,861.2974721117613,3.0,1.0,4432,1514.0,1123078.0,0.3802206854215587,1.4356268408783168,4890461755.862069
377,강남구,대치2동,47547.09710605294,1146.0092884685992,2.0,0.0,3965,1672.0,1123079.0,0.4358553127199311,1.6663642158847152,4971155613.62963
378,강남구,개포2동,16402.286442854456,395.33796508558726,0.0,0.0,684,2538.0,1123080.0,0.1898757842828834,1.3195415776763404,4918406412.142858
379,송파구,풍납1동,15713.741000464732,179.07154639818143,0.0,0.0,752,701.0,1124051.0,0.14000995735433974,0.2865747061901055,4246810298.7272725
380,송파구,풍납2동,24126.060587343563,274.9371379955962,0.0,0.0,1168,701.0,1124052.0,0.16415592661037284,0.3752727551137596,4134560465.5
381,송파구,거여1동,12796.43413951154,145.82633439593056,0.0,0.0,839,664.0,1124053.0,0.16351124232342784,0.19982900965967815,4284017171.9166665
382,송파구,거여2동,16595.36053522829,189.1183566020843,0.0,0.0,905,664.0,1124054.0,0.11980939641328815,0.3536820345298404,4345579440.333333
383,송파구,마천1동,20475.829542974312,233.3396267596328,1.0,0.0,960,593.0,1124055.0,0.16397506012918595,0.3188459428075593,4325814743.571428
384,송파구,마천2동,19842.675143688182,226.12428972527385,1.0,0.0,1352,593.0,1124056.0,0.17101906633849906,0.2962599053172892,4572834480.111111
385,송파구,방이1동,15954.531537162939,181.81556093700584,0.0,0.0,1382,1101.0,1124057.0,0.19376827974989425,0.21024155575688747,4027366973.4
386,송파구,방이2동,24751.540387850462,282.0650163992356,0.0,0.0,2940,1101.0,1124058.0,0.1489480666122543,0.4243112534612784,4189997889.3333335
387,송파구,오륜동,18461.247363427552,210.38173619576332,1.0,0.0,522,1101.0,1124059.0,0.2214304291934704,0.21288297370066486,4295635035.733335
388,송파구,오금동,39345.74929139564,448.3785350412097,1.0,0.0,2378,816.0,1124060.0,0.21241453250629727,0.4729669376140467,4392058701.178572
389,송파구,송파1동,25327.135296292392,288.62441370319834,1.0,0.0,2535,900.0,1124061.0,0.15358967582057834,0.4210573328059005,4235044305.533333
390,송파구,송파2동,20347.28001342228,231.8746946950811,0.0,0.0,893,900.0,1124062.0,0.1951083893930592,0.2662855538683375,4089914768.3529406
391,송파구,석촌동,33346.1316957359,380.00775047623847,1.0,0.0,2570,790.0,1124063.0,0.15083439542318078,0.5644978115788533,4215632453.0625
392,송파구,삼전동,32079.822897163653,365.5770764075206,0.0,0.0,2080,662.0,1124064.0,0.15148605678340046,0.5407250500848572,4089368115.777777
393,송파구,가락본동,27199.73739842348,309.96431959875696,0.0,0.0,3587,1108.0,1124065.0,0.1731802558066022,0.4010361504204576,4080061718.606061
394,송파구,가락1동,1069.6472048545897,12.189546656530668,0.0,0.0,2800,1108.0,1124066.0,0.3287834756732007,0.008307068026082406,4200602609.809524
395,송파구,가락2동,33053.53761727792,376.6733901800576,1.0,0.0,1869,1108.0,1124067.0,0.19427985729789954,0.4344175482026873,4183162784.8461533
396,송파구,문정1동,20847.08825891936,237.57043802068875,0.0,0.0,1370,916.0,1124068.0,0.18375993412965413,0.2896755011675833,4165489726.466666
397,송파구,문정2동,28914.050900733037,329.50039123572583,4.0,0.0,5153,916.0,1124069.0,0.2824933272233487,0.261347250756058,4250912663.62069
398,송파구,장지동,33472.76257559314,381.45081788311035,0.0,0.0,1388,967.0,1124081.0,0.18267471274707028,0.4678755088238672,4187347072.5
399,송파구,위례동,27662.131974871827,315.23370209960694,0.0,0.0,533,664.0,1124082.0,0.5273158942439604,0.13394668674314444,4716409736.181818
400,송파구,잠실본동,28545.670159330184,325.3023769611898,0.0,0.0,3037,1561.0,1124071.0,0.14388353068697954,0.5065780239131268,4367904744.347826
401,송파구,잠실4동,28865.125333515465,328.942842464889,0.0,0.0,495,1464.0,1124075.0,0.20067944388806286,0.3672719384434775,4250157268.076923
402,송파구,잠실6동,16750.771160507607,190.88939387415425,6.0,1.0,2620,1464.0,1124077.0,0.20425685218425124,0.20939936452843672,4145837906.0
403,송파구,잠실7동,9947.23934272398,113.35731774131523,1.0,0.0,202,1561.0,1124078.0,0.20772884737875272,0.12227085380325906,4279832209.6
404,송파구,잠실2동,35561.21276838994,405.25049776765496,0.0,0.0,757,1561.0,1124079.0,0.2146173572594765,0.4230862480380773,4234656271.8
405,송파구,잠실3동,35059.48587319805,399.5328897843675,5.0,1.0,1589,1561.0,1124080.0,0.2075333326745971,0.4313550346446847,4231618485.65
406,강동구,강일동,28337.047601407667,264.76880903871086,0.0,0.0,955,618.0,1125051.0,0.11274747928541184,0.18236142962355326,4594622425.222222
407,강동구,상일동,9585.095851083537,89.55888590479721,0.0,0.0,976,742.0,1125052.0,0.046462110012461255,0.1496865438389548,4492698858.0
408,강동구,명일1동,19348.330940914988,180.78222587516208,0.0,0.0,1665,822.0,1125053.0,0.101379305527121,0.1384775670772234,4504249913.0
409,강동구,명일2동,15507.5801074273,144.89595295425082,2.0,0.0,1134,822.0,1125054.0,0.11391060645453698,0.09877910771275801,4454056166.105264
410,강동구,고덕1동,23639.163039451752,220.87385858492317,0.0,0.0,714,869.0,1125055.0,0.18170347206349133,0.09439611038926046,4370610462.608696
411,강동구,고덕2동,6634.180635302833,61.98684247082793,0.0,0.0,1666,869.0,1125056.0,0.0715931243538287,0.06723589746660359,4528935076.375
412,강동구,암사2동,12659.934015558436,118.288810427857,0.0,0.0,864,735.0,1125058.0,0.08957261423011878,0.10255135950757144,4406132592.0
413,강동구,암사3동,16301.891785515838,152.3176491016855,0.0,0.0,614,735.0,1125059.0,0.1128498525465616,0.10481471058445953,4371937056.3125
414,강동구,천호1동,25080.627894054454,234.3422670864975,1.0,0.0,1575,601.0,1125061.0,0.08923425814245038,0.2039351172691292,4547780249.333333
415,강동구,천호3동,24584.936099277646,229.7107427301352,2.0,0.0,1859,601.0,1125063.0,0.09021204198559596,0.19773784646336426,4553218450.888889
416,강동구,성내1동,18068.654380440814,168.82549546212263,0.0,0.0,2102,622.0,1125065.0,0.10788519732172352,0.12152039710434767,4548166499.413794
417,강동구,성내2동,22138.31843859974,206.8506320614929,1.0,0.0,1952,622.0,1125066.0,0.07908626913261013,0.2031088144950272,4499929866.363636
418,강동구,성내3동,20787.214067419893,194.226511854047,1.0,0.0,2427,622.0,1125067.0,0.08839389094700233,0.17063152285206187,4413048314.714286
419,강동구,둔촌1동,272.80260233376555,2.548946564178552,1.0,0.0,102,1335.0,1125070.0,0.0018756184163339945,0.10553323473585256,4556803492.888889
420,강동구,둔촌2동,24319.878681237267,227.23416373402486,0.0,0.0,1627,1335.0,1125071.0,0.0988277414067662,0.1785532516211701,4573944006.421053
421,강동구,암사1동,32495.35099092425,303.62215225041666,0.0,0.0,1936,735.0,1125072.0,0.09156455422347264,0.2575010927554803,4458016535.153846
422,강동구,천호2동,31344.760835339883,292.87154797184667,6.0,1.0,3730,601.0,1125073.0,0.08209715590688622,0.2770269865695861,4586410241.285714
423,강동구,길동,40594.232033709945,379.29450592702347,2.0,0.0,4054,616.0,1125074.0,0.08509155604840621,0.34614900993359643,4497643513.391304
