,시도,시군구,행정구역명,행정동(행정기관명),법정동,행정구역코드,행정기관코드,행정기관 생성일,법정동코드
0,서울특별시,서울특별시,서울특별시,서울특별시,서울특별시,11,1100000000,19880423,1100000000
1,서울특별시,종로구,종로구,종로구,종로구,11010,1111000000,19880423,1111000000
2,서울특별시,종로구,청운효자동,청운효자동,청운동,1101072,1111051500,20081101,1111010100
3,서울특별시,종로구,청운효자동,청운효자동,신교동,1101072,1111051500,20081101,1111010200
4,서울특별시,종로구,청운효자동,청운효자동,궁정동,1101072,1111051500,20081101,1111010300
5,서울특별시,종로구,청운효자동,청운효자동,효자동,1101072,1111051500,20081101,1111010400
6,서울특별시,종로구,청운효자동,청운효자동,창성동,1101072,1111051500,20081101,1111010500
7,서울특별시,종로구,청운효자동,청운효자동,통인동,1101072,1111051500,20081101,1111010800
8,서울특별시,종로구,청운효자동,청운효자동,누상동,1101072,1111051500,20081101,1111010900
9,서울특별시,종로구,청운효자동,청운효자동,누하동,1101072,1111051500,20081101,1111011000
10,서울특별시,종로구,청운효자동,청운효자동,옥인동,1101072,1111051500,20081101,1111011100
11,서울특별시,종로구,청운효자동,청운효자동,세종로,1101072,1111051500,20081101,1111011900
12,서울특별시,종로구,사직동,사직동,통의동,1101053,1111053000,19880423,1111010600
13,서울특별시,종로구,사직동,사직동,적선동,1101053,1111053000,19880423,1111010700
14,서울특별시,종로구,사직동,사직동,체부동,1101053,1111053000,19880423,1111011200
15,서울특별시,종로구,사직동,사직동,필운동,1101053,1111053000,19880423,1111011300
16,서울특별시,종로구,사직동,사직동,내자동,1101053,1111053000,19880423,1111011400
17,서울특별시,종로구,사직동,사직동,사직동,1101053,1111053000,19880423,1111011500
18,서울특별시,종로구,사직동,사직동,도렴동,1101053,1111053000,19880423,1111011600
19,서울특별시,종로구,사직동,사직동,당주동,1101053,1111053000,19880423,1111011700
20,서울특별시,종로구,사직동,사직동,내수동,1101053,1111053000,19880423,1111011800
21,서울특별시,종로구,사직동,사직동,세종로,1101053,1111053000,19880423,1111011900
22,서울특별시,종로구,사직동,사직동,신문로1가,1101053,1111053000,19880423,1111012000
23,서울특별시,종로구,사직동,사직동,신문로2가,1101053,1111053000,19880423,1111012100
24,서울특별시,종로구,삼청동,삼청동,팔판동,1101054,1111054000,19880423,1111013900
25,서울특별시,종로구,삼청동,삼청동,삼청동,1101054,1111054000,19880423,1111014000
26,서울특별시,종로구,삼청동,삼청동,안국동,1101054,1111054000,19880423,1111014100
27,서울특별시,종로구,삼청동,삼청동,소격동,1101054,1111054000,19880423,1111014200
28,서울특별시,종로구,삼청동,삼청동,화동,1101054,1111054000,19880423,1111014300
29,서울특별시,종로구,삼청동,삼청동,사간동,1101054,1111054000,19880423,1111014400
30,서울특별시,종로구,삼청동,삼청동,송현동,1101054,1111054000,19880423,1111014500
31,서울특별시,종로구,부암동,부암동,부암동,1101055,1111055000,19880423,1111018400
32,서울특별시,종로구,부암동,부암동,홍지동,1101055,1111055000,19880423,1111018500
33,서울특별시,종로구,부암동,부암동,신영동,1101055,1111055000,19880423,1111018600
34,서울특별시,종로구,평창동,평창동,구기동,1101056,1111056000,19880423,1111018200
35,서울특별시,종로구,평창동,평창동,평창동,1101056,1111056000,19880423,1111018300
36,서울특별시,종로구,무악동,무악동,무악동,1101057,1111057000,19880423,1111018700
37,서울특별시,종로구,교남동,교남동,교남동,1101058,1111058000,19880423,1111017600
38,서울특별시,종로구,교남동,교남동,평동,1101058,1111058000,19880423,1111017700
39,서울특별시,종로구,교남동,교남동,송월동,1101058,1111058000,19880423,1111017800
40,서울특별시,종로구,교남동,교남동,홍파동,1101058,1111058000,19880423,1111017900
41,서울특별시,종로구,교남동,교남동,교북동,1101058,1111058000,19880423,1111018000
42,서울특별시,종로구,교남동,교남동,행촌동,1101058,1111058000,19880423,1111018100
43,서울특별시,종로구,가회동,가회동,가회동,1101060,1111060000,19880423,1111014600
44,서울특별시,종로구,가회동,가회동,재동,1101060,1111060000,19880423,1111014700
45,서울특별시,종로구,가회동,가회동,계동,1101060,1111060000,19880423,1111014800
46,서울특별시,종로구,가회동,가회동,원서동,1101060,1111060000,19880423,1111014900
47,서울특별시,종로구,종로1·2·3·4가동,종로1·2·3·4가동,세종로,1101061,1111061500,20110501,1111011900
48,서울특별시,종로구,종로1·2·3·4가동,종로1·2·3·4가동,청진동,1101061,1111061500,20110501,1111012200
49,서울특별시,종로구,종로1·2·3·4가동,종로1·2·3·4가동,서린동,1101061,1111061500,20110501,1111012300
50,서울특별시,종로구,종로1·2·3·4가동,종로1·2·3·4가동,수송동,1101061,1111061500,20110501,1111012400
51,서울특별시,종로구,종로1·2·3·4가동,종로1·2·3·4가동,중학동,1101061,1111061500,20110501,1111012500
52,서울특별시,종로구,종로1·2·3·4가동,종로1·2·3·4가동,종로1가,1101061,1111061500,20110501,1111012600
53,서울특별시,종로구,종로1·2·3·4가동,종로1·2·3·4가동,공평동,1101061,1111061500,20110501,1111012700
54,서울특별시,종로구,종로1·2·3·4가동,종로1·2·3·4가동,관훈동,1101061,1111061500,20110501,1111012800
55,서울특별시,종로구,종로1·2·3·4가동,종로1·2·3·4가동,견지동,1101061,1111061500,20110501,1111012900
56,서울특별시,종로구,종로1·2·3·4가동,종로1·2·3·4가동,와룡동,1101061,1111061500,20110501,1111013000
57,서울특별시,종로구,종로1·2·3·4가동,종로1·2·3·4가동,권농동,1101061,1111061500,20110501,1111013100
58,서울특별시,종로구,종로1·2·3·4가동,종로1·2·3·4가동,운니동,1101061,1111061500,20110501,1111013200
59,서울특별시,종로구,종로1·2·3·4가동,종로1·2·3·4가동,익선동,1101061,1111061500,20110501,1111013300
60,서울특별시,종로구,종로1·2·3·4가동,종로1·2·3·4가동,경운동,1101061,1111061500,20110501,1111013400
61,서울특별시,종로구,종로1·2·3·4가동,종로1·2·3·4가동,관철동,1101061,1111061500,20110501,1111013500
62,서울특별시,종로구,종로1·2·3·4가동,종로1·2·3·4가동,인사동,1101061,1111061500,20110501,1111013600
63,서울특별시,종로구,종로1·2·3·4가동,종로1·2·3·4가동,낙원동,1101061,1111061500,20110501,1111013700
64,서울특별시,종로구,종로1·2·3·4가동,종로1·2·3·4가동,종로2가,1101061,1111061500,20110501,1111013800
65,서울특별시,종로구,종로1·2·3·4가동,종로1·2·3·4가동,훈정동,1101061,1111061500,20110501,1111015000
66,서울특별시,종로구,종로1·2·3·4가동,종로1·2·3·4가동,묘동,1101061,1111061500,20110501,1111015100
67,서울특별시,종로구,종로1·2·3·4가동,종로1·2·3·4가동,봉익동,1101061,1111061500,20110501,1111015200
68,서울특별시,종로구,종로1·2·3·4가동,종로1·2·3·4가동,돈의동,1101061,1111061500,20110501,1111015300
69,서울특별시,종로구,종로1·2·3·4가동,종로1·2·3·4가동,장사동,1101061,1111061500,20110501,1111015400
70,서울특별시,종로구,종로1·2·3·4가동,종로1·2·3·4가동,관수동,1101061,1111061500,20110501,1111015500
71,서울특별시,종로구,종로1·2·3·4가동,종로1·2·3·4가동,종로3가,1101061,1111061500,20110501,1111015600
72,서울특별시,종로구,종로1·2·3·4가동,종로1·2·3·4가동,인의동,1101061,1111061500,20110501,1111015700
73,서울특별시,종로구,종로1·2·3·4가동,종로1·2·3·4가동,예지동,1101061,1111061500,20110501,1111015800
74,서울특별시,종로구,종로1·2·3·4가동,종로1·2·3·4가동,원남동,1101061,1111061500,20110501,1111015900
75,서울특별시,종로구,종로1·2·3·4가동,종로1·2·3·4가동,종로4가,1101061,1111061500,20110501,1111016100
76,서울특별시,종로구,종로5·6가동,종로5·6가동,연지동,1101063,1111063000,19880423,1111016000
77,서울특별시,종로구,종로5·6가동,종로5·6가동,효제동,1101063,1111063000,19880423,1111016200
78,서울특별시,종로구,종로5·6가동,종로5·6가동,종로5가,1101063,1111063000,19880423,1111016300
79,서울특별시,종로구,종로5·6가동,종로5·6가동,종로6가,1101063,1111063000,19880423,1111016400
80,서울특별시,종로구,종로5·6가동,종로5·6가동,충신동,1101063,1111063000,19880423,1111016700
81,서울특별시,종로구,이화동,이화동,이화동,1101064,1111064000,19880423,1111016500
82,서울특별시,종로구,이화동,이화동,연건동,1101064,1111064000,19880423,1111016600
83,서울특별시,종로구,이화동,이화동,동숭동,1101064,1111064000,19880423,1111016800
84,서울특별시,종로구,혜화동,혜화동,와룡동,1101073,1111065000,20120801,1111013000
85,서울특별시,종로구,혜화동,혜화동,혜화동,1101073,1111065000,20120801,1111016900
86,서울특별시,종로구,혜화동,혜화동,명륜1가,1101073,1111065000,20120801,1111017000
87,서울특별시,종로구,혜화동,혜화동,명륜2가,1101073,1111065000,20120801,1111017100
88,서울특별시,종로구,혜화동,혜화동,명륜4가,1101073,1111065000,20120801,1111017200
89,서울특별시,종로구,혜화동,혜화동,명륜3가,1101073,1111065000,20120801,1111017300
90,서울특별시,종로구,창신1동,창신제1동,창신동,1101067,1111067000,19880423,1111017400
91,서울특별시,종로구,창신2동,창신제2동,창신동,1101068,1111068000,19880423,1111017400
92,서울특별시,종로구,창신3동,창신제3동,창신동,1101069,1111069000,19880423,1111017400
93,서울특별시,종로구,숭인1동,숭인제1동,숭인동,1101070,1111070000,19880423,1111017500
94,서울특별시,종로구,숭인2동,숭인제2동,숭인동,1101071,1111071000,19880423,1111017500
95,서울특별시,중구,중구,중구,중구,11020,1114000000,19880423,1114000000
96,서울특별시,중구,소공동,소공동,소공동,1102052,1114052000,19880423,1114011100
97,서울특별시,중구,소공동,소공동,북창동,1102052,1114052000,19880423,1114011300
98,서울특별시,중구,소공동,소공동,태평로2가,1102052,1114052000,19880423,1114011400
99,서울특별시,중구,소공동,소공동,남대문로2가,1102052,1114052000,19880423,1114011500
100,서울특별시,중구,소공동,소공동,남대문로3가,1102052,1114052000,19880423,1114011600
101,서울특별시,중구,소공동,소공동,남대문로4가,1102052,1114052000,19880423,1114011700
102,서울특별시,중구,소공동,소공동,봉래동1가,1102052,1114052000,19880423,1114011900
103,서울특별시,중구,소공동,소공동,서소문동,1102052,1114052000,19880423,1114016600
104,서울특별시,중구,소공동,소공동,정동,1102052,1114052000,19880423,1114016700
105,서울특별시,중구,소공동,소공동,순화동,1102052,1114052000,19880423,1114016800
106,서울특별시,중구,소공동,소공동,의주로1가,1102052,1114052000,19880423,1114016900
107,서울특별시,중구,소공동,소공동,충정로1가,1102052,1114052000,19880423,1114017000
108,서울특별시,중구,회현동,회현동,남창동,1102054,1114054000,19880423,1114011200
109,서울특별시,중구,회현동,회현동,남대문로3가,1102054,1114054000,19880423,1114011600
110,서울특별시,중구,회현동,회현동,남대문로4가,1102054,1114054000,19880423,1114011700
111,서울특별시,중구,회현동,회현동,남대문로5가,1102054,1114054000,19880423,1114011800
112,서울특별시,중구,회현동,회현동,봉래동1가,1102054,1114054000,19880423,1114011900
113,서울특별시,중구,회현동,회현동,봉래동2가,1102054,1114054000,19880423,1114012000
114,서울특별시,중구,회현동,회현동,회현동1가,1102054,1114054000,19880423,1114012100
115,서울특별시,중구,회현동,회현동,회현동2가,1102054,1114054000,19880423,1114012200
116,서울특별시,중구,회현동,회현동,충무로1가,1102054,1114054000,19880423,1114012400
117,서울특별시,중구,회현동,회현동,순화동,1102054,1114054000,19880423,1114016800
118,서울특별시,중구,명동,명동,무교동,1102055,1114055000,19980914,1114010100
119,서울특별시,중구,명동,명동,다동,1102055,1114055000,19980914,1114010200
120,서울특별시,중구,명동,명동,태평로1가,1102055,1114055000,19980914,1114010300
121,서울특별시,중구,명동,명동,을지로1가,1102055,1114055000,19980914,1114010400
122,서울특별시,중구,명동,명동,을지로2가,1102055,1114055000,19980914,1114010500
123,서울특별시,중구,명동,명동,남대문로1가,1102055,1114055000,19980914,1114010600
124,서울특별시,중구,명동,명동,삼각동,1102055,1114055000,19980914,1114010700
125,서울특별시,중구,명동,명동,수하동,1102055,1114055000,19980914,1114010800
126,서울특별시,중구,명동,명동,장교동,1102055,1114055000,19980914,1114010900
127,서울특별시,중구,명동,명동,수표동,1102055,1114055000,19980914,1114011000
128,서울특별시,중구,명동,명동,남대문로2가,1102055,1114055000,19980914,1114011500
129,서울특별시,중구,명동,명동,회현동1가,1102055,1114055000,19980914,1114012100
130,서울특별시,중구,명동,명동,회현동2가,1102055,1114055000,19980914,1114012200
131,서울특별시,중구,명동,명동,회현동3가,1102055,1114055000,19980914,1114012300
132,서울특별시,중구,명동,명동,충무로1가,1102055,1114055000,19980914,1114012400
133,서울특별시,중구,명동,명동,충무로2가,1102055,1114055000,19980914,1114012500
134,서울특별시,중구,명동,명동,명동1가,1102055,1114055000,19980914,1114012600
135,서울특별시,중구,명동,명동,명동2가,1102055,1114055000,19980914,1114012700
136,서울특별시,중구,명동,명동,남산동1가,1102055,1114055000,19980914,1114012800
137,서울특별시,중구,명동,명동,남산동2가,1102055,1114055000,19980914,1114012900
138,서울특별시,중구,명동,명동,남산동3가,1102055,1114055000,19980914,1114013000
139,서울특별시,중구,명동,명동,저동1가,1102055,1114055000,19980914,1114013100
140,서울특별시,중구,명동,명동,예장동,1102055,1114055000,19980914,1114014200
141,서울특별시,중구,필동,필동,충무로4가,1102057,1114057000,19980914,1114013200
142,서울특별시,중구,필동,필동,충무로5가,1102057,1114057000,19980914,1114013300
143,서울특별시,중구,필동,필동,묵정동,1102057,1114057000,19980914,1114013600
144,서울특별시,중구,필동,필동,필동1가,1102057,1114057000,19980914,1114013700
145,서울특별시,중구,필동,필동,필동2가,1102057,1114057000,19980914,1114013800
146,서울특별시,중구,필동,필동,필동3가,1102057,1114057000,19980914,1114013900
147,서울특별시,중구,필동,필동,남학동,1102057,1114057000,19980914,1114014000
148,서울특별시,중구,필동,필동,주자동,1102057,1114057000,19980914,1114014100
149,서울특별시,중구,필동,필동,예장동,1102057,1114057000,19980914,1114014200
150,서울특별시,중구,필동,필동,장충동2가,1102057,1114057000,19980914,1114014400
151,서울특별시,중구,필동,필동,충무로3가,1102057,1114057000,19980914,1114015800
152,서울특별시,중구,장충동,장충동,묵정동,1102058,1114058000,19880423,1114013600
153,서울특별시,중구,장충동,장충동,장충동1가,1102058,1114058000,19880423,1114014300
154,서울특별시,중구,장충동,장충동,장충동2가,1102058,1114058000,19880423,1114014400
155,서울특별시,중구,광희동,광희동,충무로4가,1102059,1114059000,19980914,1114013200
156,서울특별시,중구,광희동,광희동,충무로5가,1102059,1114059000,19980914,1114013300
157,서울특별시,중구,광희동,광희동,인현동2가,1102059,1114059000,19980914,1114013400
158,서울특별시,중구,광희동,광희동,예관동,1102059,1114059000,19980914,1114013500
159,서울특별시,중구,광희동,광희동,광희동1가,1102059,1114059000,19980914,1114014500
160,서울특별시,중구,광희동,광희동,광희동2가,1102059,1114059000,19980914,1114014600
161,서울특별시,중구,광희동,광희동,쌍림동,1102059,1114059000,19980914,1114014700
162,서울특별시,중구,광희동,광희동,을지로6가,1102059,1114059000,19980914,1114014800
163,서울특별시,중구,광희동,광희동,을지로7가,1102059,1114059000,19980914,1114014900
164,서울특별시,중구,광희동,광희동,오장동,1102059,1114059000,19980914,1114015400
165,서울특별시,중구,을지로동,을지로동,을지로4가,1102060,1114060500,20050315,1114015000
166,서울특별시,중구,을지로동,을지로동,을지로5가,1102060,1114060500,20050315,1114015100
167,서울특별시,중구,을지로동,을지로동,주교동,1102060,1114060500,20050315,1114015200
168,서울특별시,중구,을지로동,을지로동,방산동,1102060,1114060500,20050315,1114015300
169,서울특별시,중구,을지로동,을지로동,을지로3가,1102060,1114060500,20050315,1114015500
170,서울특별시,중구,을지로동,을지로동,입정동,1102060,1114060500,20050315,1114015600
171,서울특별시,중구,을지로동,을지로동,산림동,1102060,1114060500,20050315,1114015700
172,서울특별시,중구,을지로동,을지로동,초동,1102060,1114060500,20050315,1114015900
173,서울특별시,중구,을지로동,을지로동,인현동1가,1102060,1114060500,20050315,1114016000
174,서울특별시,중구,을지로동,을지로동,저동2가,1102060,1114060500,20050315,1114016100
175,서울특별시,중구,신당동,신당동,신당동,1102069,1114061500,20130720,1114016200
176,서울특별시,중구,신당동,신당동,흥인동,1102069,1114061500,20130720,1114016300
177,서울특별시,중구,신당동,신당동,무학동,1102069,1114061500,20130720,1114016400
178,서울특별시,중구,다산동,다산동,신당동,1102070,1114062500,20130720,1114016200
179,서울특별시,중구,약수동,약수동,신당동,1102071,1114063500,20130720,1114016200
180,서울특별시,중구,청구동,청구동,신당동,1102072,1114064500,20130720,1114016200
181,서울특별시,중구,신당5동,신당제5동,신당동,1102065,1114065000,19880423,1114016200
182,서울특별시,중구,동화동,동화동,신당동,1102073,1114066500,20130720,1114016200
183,서울특별시,중구,황학동,황학동,황학동,1102067,1114067000,19880423,1114016500
184,서울특별시,중구,중림동,중림동,중림동,1102068,1114068000,19880423,1114017100
185,서울특별시,중구,중림동,중림동,의주로2가,1102068,1114068000,19880423,1114017200
186,서울특별시,중구,중림동,중림동,만리동1가,1102068,1114068000,19880423,1114017300
187,서울특별시,중구,중림동,중림동,만리동2가,1102068,1114068000,19880423,1114017400
188,서울특별시,용산구,용산구,용산구,용산구,11030,1117000000,19880423,1117000000
189,서울특별시,용산구,후암동,후암동,후암동,1103051,1117051000,19880423,1117010100
190,서울특별시,용산구,용산2가동,용산2가동,용산동2가,1103052,1117052000,19880423,1117010200
191,서울특별시,용산구,용산2가동,용산2가동,용산동4가,1103052,1117052000,19880423,1117010300
192,서울특별시,용산구,남영동,남영동,갈월동,1103053,1117053000,19880423,1117010400
193,서울특별시,용산구,남영동,남영동,남영동,1103053,1117053000,19880423,1117010500
194,서울특별시,용산구,남영동,남영동,용산동1가,1103053,1117053000,19880423,1117010600
195,서울특별시,용산구,남영동,남영동,동자동,1103053,1117053000,19880423,1117010700
196,서울특별시,용산구,청파동,청파동,서계동,1103071,1117055500,20080630,1117010800
197,서울특별시,용산구,청파동,청파동,청파동1가,1103071,1117055500,20080630,1117010900
198,서울특별시,용산구,청파동,청파동,청파동2가,1103071,1117055500,20080630,1117011000
199,서울특별시,용산구,청파동,청파동,청파동3가,1103071,1117055500,20080630,1117011100
200,서울특별시,용산구,원효로1동,원효로제1동,원효로1가,1103072,1117056000,19880423,1117011200
201,서울특별시,용산구,원효로1동,원효로제1동,원효로2가,1103072,1117056000,19880423,1117011300
202,서울특별시,용산구,원효로1동,원효로제1동,문배동,1103072,1117056000,19880423,1117012200
203,서울특별시,용산구,원효로1동,원효로제1동,신계동,1103072,1117056000,19880423,1117012300
204,서울특별시,용산구,원효로2동,원효로제2동,신창동,1103057,1117057000,19880423,1117011400
205,서울특별시,용산구,원효로2동,원효로제2동,산천동,1103057,1117057000,19880423,1117011500
206,서울특별시,용산구,원효로2동,원효로제2동,청암동,1103057,1117057000,19880423,1117011600
207,서울특별시,용산구,원효로2동,원효로제2동,원효로3가,1103057,1117057000,19880423,1117011700
208,서울특별시,용산구,원효로2동,원효로제2동,원효로4가,1103057,1117057000,19880423,1117011800
209,서울특별시,용산구,효창동,효창동,효창동,1103058,1117058000,19880423,1117011900
210,서울특별시,용산구,용문동,용문동,도원동,1103059,1117059000,19880423,1117012000
211,서울특별시,용산구,용문동,용문동,용문동,1103059,1117059000,19880423,1117012100
212,서울특별시,용산구,한강로동,한강로동,한강로1가,1103073,1117062500,20080630,1117012400
213,서울특별시,용산구,한강로동,한강로동,한강로2가,1103073,1117062500,20080630,1117012500
214,서울특별시,용산구,한강로동,한강로동,용산동3가,1103073,1117062500,20080630,1117012600
215,서울특별시,용산구,한강로동,한강로동,용산동5가,1103073,1117062500,20080630,1117012700
216,서울특별시,용산구,한강로동,한강로동,한강로3가,1103073,1117062500,20080630,1117012800
217,서울특별시,용산구,이촌1동,이촌제1동,이촌동,1103063,1117063000,19880423,1117012900
218,서울특별시,용산구,이촌2동,이촌제2동,이촌동,1103064,1117064000,19880423,1117012900
219,서울특별시,용산구,이태원1동,이태원제1동,이태원동,1103065,1117065000,19880423,1117013000
220,서울특별시,용산구,이태원2동,이태원제2동,이태원동,1103066,1117066000,19880423,1117013000
221,서울특별시,용산구,한남동,한남동,한남동,1103074,1117068500,20080630,1117013100
222,서울특별시,용산구,서빙고동,서빙고동,동빙고동,1103069,1117069000,19880423,1117013200
223,서울특별시,용산구,서빙고동,서빙고동,서빙고동,1103069,1117069000,19880423,1117013300
224,서울특별시,용산구,서빙고동,서빙고동,주성동,1103069,1117069000,19880423,1117013400
225,서울특별시,용산구,서빙고동,서빙고동,용산동6가,1103069,1117069000,19880423,1117013500
226,서울특별시,용산구,보광동,보광동,보광동,1103070,1117070000,19880423,1117013600
227,서울특별시,성동구,성동구,성동구,성동구,11040,1120000000,19880423,1120000000
228,서울특별시,성동구,왕십리2동,왕십리제2동,하왕십리동,1104052,1120052000,19880423,1120010200
229,서울특별시,성동구,왕십리도선동,왕십리도선동,상왕십리동,1104071,1120053500,20080811,1120010100
230,서울특별시,성동구,왕십리도선동,왕십리도선동,하왕십리동,1104071,1120053500,20080811,1120010200
231,서울특별시,성동구,왕십리도선동,왕십리도선동,홍익동,1104071,1120053500,20080811,1120010300
232,서울특별시,성동구,왕십리도선동,왕십리도선동,도선동,1104071,1120053500,20080811,1120010400
233,서울특별시,성동구,마장동,마장동,마장동,1104054,1120054000,19880423,1120010500
234,서울특별시,성동구,사근동,사근동,사근동,1104055,1120055000,19880423,1120010600
235,서울특별시,성동구,사근동,사근동,행당동,1104055,1120055000,19880423,1120010700
236,서울특별시,성동구,행당1동,행당제1동,행당동,1104056,1120056000,19880423,1120010700
237,서울특별시,성동구,행당2동,행당제2동,행당동,1104057,1120057000,19880423,1120010700
238,서울특별시,성동구,응봉동,응봉동,응봉동,1104058,1120058000,19880423,1120010800
239,서울특별시,성동구,금호1가동,금호1가동,금호동1가,1104059,1120059000,19880423,1120010900
240,서울특별시,성동구,금호2·3가동,금호2·3가동,금호동2가,1104072,1120061500,20080811,1120011000
241,서울특별시,성동구,금호2·3가동,금호2·3가동,금호동3가,1104072,1120061500,20080811,1120011100
242,서울특별시,성동구,금호4가동,금호4가동,금호동4가,1104062,1120062000,19880423,1120011200
243,서울특별시,성동구,옥수동,옥수동,옥수동,1104073,1120064500,20080811,1120011300
244,서울특별시,성동구,성수1가1동,성수1가제1동,성수동1가,1104065,1120065000,19880423,1120011400
245,서울특별시,성동구,성수1가2동,성수1가제2동,성수동1가,1104066,1120066000,19880423,1120011400
246,서울특별시,성동구,성수2가1동,성수2가제1동,성수동2가,1104067,1120067000,19880423,1120011500
247,서울특별시,성동구,성수2가3동,성수2가제3동,성수동2가,1104068,1120069000,19880423,1120011500
248,서울특별시,성동구,송정동,송정동,송정동,1104069,1120072000,19880423,1120011800
249,서울특별시,성동구,용답동,용답동,송정동,1104070,1120079000,19880423,1120011800
250,서울특별시,성동구,용답동,용답동,용답동,1104070,1120079000,19880423,1120012200
251,서울특별시,광진구,광진구,광진구,광진구,11050,1121500000,19950301,1121500000
252,서울특별시,광진구,화양동,화양동,화양동,1105053,1121571000,19950301,1121510700
253,서울특별시,광진구,군자동,군자동,군자동,1105054,1121573000,19950301,1121510900
254,서울특별시,광진구,중곡1동,중곡제1동,중곡동,1105055,1121574000,19950301,1121510100
255,서울특별시,광진구,중곡2동,중곡제2동,중곡동,1105056,1121575000,19950301,1121510100
256,서울특별시,광진구,중곡3동,중곡제3동,중곡동,1105057,1121576000,19950301,1121510100
257,서울특별시,광진구,중곡4동,중곡제4동,중곡동,1105058,1121577000,19950301,1121510100
258,서울특별시,광진구,능동,능동,능동,1105059,1121578000,19950301,1121510200
259,서울특별시,광진구,광장동,광장동,광장동,1105063,1121581000,19950301,1121510400
260,서울특별시,광진구,자양1동,자양제1동,자양동,1105064,1121582000,19950301,1121510500
261,서울특별시,광진구,자양2동,자양제2동,자양동,1105065,1121583000,19950301,1121510500
262,서울특별시,광진구,자양3동,자양제3동,자양동,1105066,1121584000,19950301,1121510500
263,서울특별시,광진구,자양4동,자양제4동,자양동,1105067,1121584700,20080101,1121510500
264,서울특별시,광진구,구의1동,구의제1동,구의동,1105060,1121585000,19950301,1121510300
265,서울특별시,광진구,구의2동,구의제2동,구의동,1105061,1121586000,19950301,1121510300
266,서울특별시,광진구,구의3동,구의제3동,구의동,1105062,1121587000,19950301,1121510300
267,서울특별시,동대문구,동대문구,동대문구,동대문구,11060,1123000000,19880423,1123000000
268,서울특별시,동대문구,용신동,용신동,신설동,1106081,1123053600,20090504,1123010100
269,서울특별시,동대문구,용신동,용신동,용두동,1106081,1123053600,20090504,1123010200
270,서울특별시,동대문구,제기동,제기동,제기동,1106082,1123054500,20090504,1123010300
271,서울특별시,동대문구,전농1동,전농제1동,전농동,1106083,1123056000,20090504,1123010400
272,서울특별시,동대문구,전농2동,전농제2동,전농동,1106084,1123057000,20090504,1123010400
273,서울특별시,동대문구,답십리1동,답십리제1동,답십리동,1106091,1123060000,20090504,1123010500
274,서울특별시,동대문구,답십리2동,답십리제2동,답십리동,1106086,1123061000,20090504,1123010500
275,서울특별시,동대문구,장안1동,장안제1동,장안동,1106087,1123065000,20090504,1123010600
276,서울특별시,동대문구,장안2동,장안제2동,장안동,1106088,1123066000,20090504,1123010600
277,서울특별시,동대문구,청량리동,청량리동,청량리동,1106080,1123070500,20080811,1123010700
278,서울특별시,동대문구,회기동,회기동,회기동,1106071,1123071000,19880423,1123010800
279,서울특별시,동대문구,휘경1동,휘경제1동,휘경동,1106072,1123072000,19880423,1123010900
280,서울특별시,동대문구,휘경2동,휘경제2동,휘경동,1106073,1123073000,19880423,1123010900
281,서울특별시,동대문구,이문1동,이문제1동,이문동,1106089,1123074000,20090504,1123011000
282,서울특별시,동대문구,이문2동,이문제2동,이문동,1106090,1123075000,20090504,1123011000
283,서울특별시,중랑구,중랑구,중랑구,중랑구,11070,1126000000,19880423,1126000000
284,서울특별시,중랑구,면목2동,면목제2동,면목동,1107052,1126052000,19880423,1126010100
285,서울특별시,중랑구,면목4동,면목제4동,면목동,1107054,1126054000,19880423,1126010100
286,서울특별시,중랑구,면목5동,면목제5동,면목동,1107055,1126055000,19880423,1126010100
287,서울특별시,중랑구,면목본동,면목본동,면목동,1107071,1126056500,20080101,1126010100
288,서울특별시,중랑구,면목7동,면목제7동,면목동,1107057,1126057000,19880423,1126010100
289,서울특별시,중랑구,면목3·8동,면목제3·8동,면목동,1107072,1126057500,20080101,1126010100
290,서울특별시,중랑구,상봉1동,상봉제1동,상봉동,1107059,1126058000,19880423,1126010200
291,서울특별시,중랑구,상봉2동,상봉제2동,상봉동,1107060,1126059000,19880423,1126010200
292,서울특별시,중랑구,중화1동,중화제1동,중화동,1107061,1126060000,19880423,1126010300
293,서울특별시,중랑구,중화2동,중화제2동,중화동,1107062,1126061000,19880423,1126010300
294,서울특별시,중랑구,묵1동,묵제1동,묵동,1107064,1126062000,19880423,1126010400
295,서울특별시,중랑구,묵2동,묵제2동,묵동,1107065,1126063000,19880423,1126010400
296,서울특별시,중랑구,망우본동,망우본동,망우동,1107073,1126065500,20080101,1126010500
297,서울특별시,중랑구,망우3동,망우제3동,망우동,1107068,1126066000,19880423,1126010500
298,서울특별시,중랑구,신내1동,신내1동,신내동,1107069,1126068000,19960301,1126010600
299,서울특별시,중랑구,신내2동,신내2동,신내동,1107070,1126069000,19960301,1126010600
300,서울특별시,성북구,성북구,성북구,성북구,11080,1129000000,19880423,1129000000
301,서울특별시,성북구,성북동,성북동,성북동,1108081,1129052500,20071230,1129010100
302,서울특별시,성북구,성북동,성북동,성북동1가,1108081,1129052500,20071230,1129010200
303,서울특별시,성북구,성북동,성북동,동소문동1가,1108081,1129052500,20071230,1129010400
304,서울특별시,성북구,성북동,성북동,동소문동4가,1108081,1129052500,20071230,1129010700
305,서울특별시,성북구,삼선동,삼선동,동소문동2가,1108082,1129055500,20071230,1129010500
306,서울특별시,성북구,삼선동,삼선동,동소문동3가,1108082,1129055500,20071230,1129010600
307,서울특별시,성북구,삼선동,삼선동,동소문동5가,1108082,1129055500,20071230,1129010800
308,서울특별시,성북구,삼선동,삼선동,삼선동1가,1108082,1129055500,20071230,1129011100
309,서울특별시,성북구,삼선동,삼선동,삼선동2가,1108082,1129055500,20071230,1129011200
310,서울특별시,성북구,삼선동,삼선동,삼선동3가,1108082,1129055500,20071230,1129011300
311,서울특별시,성북구,삼선동,삼선동,삼선동4가,1108082,1129055500,20071230,1129011400
312,서울특별시,성북구,삼선동,삼선동,삼선동5가,1108082,1129055500,20071230,1129011500
313,서울특별시,성북구,동선동,동선동,돈암동,1108083,1129057500,20071230,1129010300
314,서울특별시,성북구,동선동,동선동,동소문동6가,1108083,1129057500,20071230,1129010900
315,서울특별시,성북구,동선동,동선동,동소문동7가,1108083,1129057500,20071230,1129011000
316,서울특별시,성북구,동선동,동선동,동선동1가,1108083,1129057500,20071230,1129011600
317,서울특별시,성북구,동선동,동선동,동선동2가,1108083,1129057500,20071230,1129011700
318,서울특별시,성북구,동선동,동선동,동선동3가,1108083,1129057500,20071230,1129011800
319,서울특별시,성북구,동선동,동선동,동선동4가,1108083,1129057500,20071230,1129011900
320,서울특별시,성북구,동선동,동선동,동선동5가,1108083,1129057500,20071230,1129012000
321,서울특별시,성북구,돈암1동,돈암제1동,돈암동,1108058,1129058000,19880423,1129010300
322,서울특별시,성북구,돈암2동,돈암제2동,돈암동,1108059,1129059000,19880423,1129010300
323,서울특별시,성북구,안암동,안암동,안암동1가,1108060,1129060000,19880423,1129012100
324,서울특별시,성북구,안암동,안암동,안암동2가,1108060,1129060000,19880423,1129012200
325,서울특별시,성북구,안암동,안암동,안암동3가,1108060,1129060000,19880423,1129012300
326,서울특별시,성북구,안암동,안암동,안암동4가,1108060,1129060000,19880423,1129012400
327,서울특별시,성북구,안암동,안암동,안암동5가,1108060,1129060000,19880423,1129012500
328,서울특별시,성북구,보문동,보문동,보문동4가,1108061,1129061000,19880423,1129012600
329,서울특별시,성북구,보문동,보문동,보문동5가,1108061,1129061000,19880423,1129012700
330,서울특별시,성북구,보문동,보문동,보문동6가,1108061,1129061000,19880423,1129012800
331,서울특별시,성북구,보문동,보문동,보문동7가,1108061,1129061000,19880423,1129012900
332,서울특별시,성북구,보문동,보문동,보문동1가,1108061,1129061000,19880423,1129013000
333,서울특별시,성북구,보문동,보문동,보문동2가,1108061,1129061000,19880423,1129013100
334,서울특별시,성북구,보문동,보문동,보문동3가,1108061,1129061000,19880423,1129013200
335,서울특별시,성북구,정릉1동,정릉제1동,정릉동,1108062,1129062000,19880423,1129013300
336,서울특별시,성북구,정릉2동,정릉제2동,돈암동,1108063,1129063000,20040204,1129010300
337,서울특별시,성북구,정릉2동,정릉제2동,정릉동,1108063,1129063000,20040204,1129013300
338,서울특별시,성북구,정릉3동,정릉제3동,정릉동,1108064,1129064000,19880423,1129013300
339,서울특별시,성북구,정릉4동,정릉제4동,정릉동,1108065,1129065000,19880423,1129013300
340,서울특별시,성북구,길음1동,길음제1동,길음동,1108066,1129066000,19880423,1129013400
341,서울특별시,성북구,길음2동,길음제2동,길음동,1108068,1129068500,20071230,1129013400
342,서울특별시,성북구,길음2동,길음제2동,하월곡동,1108068,1129068500,20071230,1129013600
343,서울특별시,성북구,종암동,종암동,종암동,1108084,1129070500,20071230,1129013500
344,서울특별시,성북구,월곡1동,월곡제1동,하월곡동,1108071,1129071500,19890427,1129013600
345,서울특별시,성북구,월곡2동,월곡제2동,하월곡동,1108072,1129072500,19890427,1129013600
346,서울특별시,성북구,월곡2동,월곡제2동,상월곡동,1108072,1129072500,19890427,1129013700
347,서울특별시,성북구,장위1동,장위제1동,장위동,1108076,1129076000,19880423,1129013800
348,서울특별시,성북구,장위2동,장위제2동,장위동,1108077,1129077000,19880423,1129013800
349,서울특별시,성북구,장위3동,장위제3동,장위동,1108078,1129078000,19880423,1129013800
350,서울특별시,성북구,석관동,석관동,석관동,1108085,1129081000,20071230,1129013900
351,서울특별시,강북구,강북구,강북구,강북구,11090,1130500000,19950301,1130500000
352,서울특별시,강북구,삼양동,삼양동,미아동,1109069,1130553400,20080630,1130510100
353,서울특별시,강북구,미아동,미아동,미아동,1109070,1130553500,20080630,1130510100
354,서울특별시,강북구,송중동,송중동,미아동,1109071,1130554500,20080630,1130510100
355,서울특별시,강북구,송천동,송천동,미아동,1109072,1130555500,20080630,1130510100
356,서울특별시,강북구,삼각산동,삼각산동,미아동,1109073,1130557500,20080630,1130510100
357,서울특별시,강북구,번1동,번1동,번동,1109060,1130559500,19950301,1130510200
358,서울특별시,강북구,번2동,번2동,번동,1109061,1130560300,19950301,1130510200
359,서울특별시,강북구,번3동,번3동,번동,1109062,1130560800,19950301,1130510200
360,서울특별시,강북구,수유1동,수유1동,수유동,1109063,1130561500,19950301,1130510300
361,서울특별시,강북구,수유2동,수유2동,수유동,1109064,1130562500,19950301,1130510300
362,서울특별시,강북구,수유3동,수유3동,수유동,1109065,1130563500,19950301,1130510300
363,서울특별시,강북구,우이동,우이동,수유동,1109074,1130564500,20080630,1130510300
364,서울특별시,강북구,우이동,우이동,우이동,1109074,1130564500,20080630,1130510400
365,서울특별시,강북구,인수동,인수동,수유동,1109075,1130566000,20080630,1130510300
366,서울특별시,도봉구,도봉구,도봉구,도봉구,11100,1132000000,19880423,1132000000
367,서울특별시,도봉구,창1동,창제1동,창동,1110059,1132051100,19890101,1132010700
368,서울특별시,도봉구,창2동,창제2동,창동,1110060,1132051200,19890101,1132010700
369,서울특별시,도봉구,창3동,창제3동,창동,1110061,1132051300,19890101,1132010700
370,서울특별시,도봉구,창4동,창제4동,창동,1110062,1132051400,19890101,1132010700
371,서울특별시,도봉구,창5동,창제5동,창동,1110063,1132051500,19910907,1132010700
372,서울특별시,도봉구,도봉1동,도봉제1동,도봉동,1110064,1132052100,19890101,1132010800
373,서울특별시,도봉구,도봉2동,도봉제2동,도봉동,1110065,1132052200,19890101,1132010800
374,서울특별시,도봉구,쌍문1동,쌍문제1동,쌍문동,1110051,1132066000,19880423,1132010500
375,서울특별시,도봉구,쌍문2동,쌍문제2동,쌍문동,1110052,1132067000,19880423,1132010500
376,서울특별시,도봉구,쌍문3동,쌍문제3동,쌍문동,1110053,1132068000,19880423,1132010500
377,서울특별시,도봉구,쌍문4동,쌍문제4동,쌍문동,1110054,1132068100,19910907,1132010500
378,서울특별시,도봉구,방학1동,방학제1동,방학동,1110055,1132069000,19880423,1132010600
379,서울특별시,도봉구,방학2동,방학제2동,방학동,1110056,1132070000,19880423,1132010600
380,서울특별시,도봉구,방학3동,방학제3동,방학동,1110057,1132071000,19880701,1132010600
381,서울특별시,노원구,노원구,노원구,노원구,11110,1135000000,19880423,1135000000
382,서울특별시,노원구,월계1동,월계1동,월계동,1111051,1135056000,19880423,1135010200
383,서울특별시,노원구,월계2동,월계2동,월계동,1111052,1135057000,19880423,1135010200
384,서울특별시,노원구,월계3동,월계3동,월계동,1111053,1135058000,19880501,1135010200
385,서울특별시,노원구,공릉1동,공릉1동,공릉동,1111079,1135059500,20110623,1135010300
386,서울특별시,노원구,공릉2동,공릉2동,공릉동,1111056,1135060000,19880423,1135010300
387,서울특별시,노원구,하계1동,하계1동,하계동,1111058,1135061100,19890901,1135010400
388,서울특별시,노원구,하계2동,하계2동,하계동,1111059,1135061200,19890901,1135010400
389,서울특별시,노원구,중계본동,중계본동,중계동,1111060,1135061900,19920701,1135010600
390,서울특별시,노원구,중계1동,중계1동,중계동,1111061,1135062100,19890901,1135010600
391,서울특별시,노원구,중계4동,중계4동,중계동,1111064,1135062400,19920701,1135010600
392,서울특별시,노원구,중계2·3동,중계2·3동,중계동,1111078,1135062500,20090101,1135010600
393,서울특별시,노원구,상계1동,상계1동,상계동,1111065,1135063000,19880514,1135010500
394,서울특별시,노원구,상계2동,상계2동,상계동,1111066,1135064000,19880423,1135010500
395,서울특별시,노원구,상계3·4동,상계3·4동,상계동,1111076,1135066500,20080101,1135010500
396,서울특별시,노원구,상계5동,상계5동,상계동,1111069,1135067000,19880423,1135010500
397,서울특별시,노원구,상계6·7동,상계6·7동,상계동,1111077,1135069500,20080101,1135010500
398,서울특별시,노원구,상계8동,상계8동,상계동,1111072,1135070000,19890601,1135010500
399,서울특별시,노원구,상계9동,상계9동,상계동,1111073,1135071000,19890901,1135010500
400,서울특별시,노원구,상계10동,상계10동,상계동,1111074,1135072000,19890901,1135010500
401,서울특별시,은평구,은평구,은평구,은평구,11120,1138000000,19880423,1138000000
402,서울특별시,은평구,녹번동,녹번동,녹번동,1112051,1138051000,19880423,1138010200
403,서울특별시,은평구,불광1동,불광제1동,불광동,1112052,1138052000,19880423,1138010300
404,서울특별시,은평구,불광2동,불광제2동,불광동,1112072,1138053000,19880423,1138010300
405,서울특별시,은평구,갈현1동,갈현제1동,갈현동,1112055,1138055100,19890601,1138010400
406,서울특별시,은평구,갈현2동,갈현제2동,갈현동,1112056,1138055200,19890601,1138010400
407,서울특별시,은평구,구산동,구산동,구산동,1112057,1138056000,19880423,1138010500
408,서울특별시,은평구,대조동,대조동,대조동,1112058,1138057000,19880423,1138010600
409,서울특별시,은평구,응암1동,응암제1동,응암동,1112059,1138058000,19880423,1138010700
410,서울특별시,은평구,응암2동,응암제2동,응암동,1112060,1138059000,19880423,1138010700
411,서울특별시,은평구,응암3동,응암제3동,응암동,1112073,1138060000,19880423,1138010700
412,서울특별시,은평구,역촌동,역촌동,역촌동,1112074,1138062500,20080602,1138010800
413,서울특별시,은평구,신사1동,신사제1동,신사동,1112065,1138063100,19890901,1138010900
414,서울특별시,은평구,신사2동,신사제2동,신사동,1112066,1138063200,19890901,1138010900
415,서울특별시,은평구,증산동,증산동,증산동,1112067,1138064000,19880423,1138011000
416,서울특별시,은평구,수색동,수색동,수색동,1112068,1138065000,19880423,1138010100
417,서울특별시,은평구,진관동,진관동,진관동,1112071,1138069000,20070813,1138011400
418,서울특별시,서대문구,서대문구,서대문구,서대문구,11130,1141000000,19880423,1141000000
419,서울특별시,서대문구,천연동,천연동,냉천동,1113052,1141052000,19880423,1141010500
420,서울특별시,서대문구,천연동,천연동,천연동,1113052,1141052000,19880423,1141010600
421,서울특별시,서대문구,천연동,천연동,옥천동,1113052,1141052000,19880423,1141010700
422,서울특별시,서대문구,천연동,천연동,영천동,1113052,1141052000,19880423,1141010800
423,서울특별시,서대문구,천연동,천연동,현저동,1113052,1141052000,19880423,1141010900
424,서울특별시,서대문구,북아현동,북아현동,북아현동,1113074,1141055500,20080506,1141011000
425,서울특별시,서대문구,충현동,충현동,충정로2가,1113073,1141056500,20080506,1141010100
426,서울특별시,서대문구,충현동,충현동,충정로3가,1113073,1141056500,20080506,1141010200
427,서울특별시,서대문구,충현동,충현동,합동,1113073,1141056500,20080506,1141010300
428,서울특별시,서대문구,충현동,충현동,미근동,1113073,1141056500,20080506,1141010400
429,서울특별시,서대문구,충현동,충현동,북아현동,1113073,1141056500,20080506,1141011000
430,서울특별시,서대문구,신촌동,신촌동,대현동,1113075,1141058500,20080506,1141011200
431,서울특별시,서대문구,신촌동,신촌동,대신동,1113075,1141058500,20080506,1141011300
432,서울특별시,서대문구,신촌동,신촌동,신촌동,1113075,1141058500,20080506,1141011400
433,서울특별시,서대문구,신촌동,신촌동,봉원동,1113075,1141058500,20080506,1141011500
434,서울특별시,서대문구,신촌동,신촌동,창천동,1113075,1141058500,20080506,1141011600
435,서울특별시,서대문구,연희동,연희동,연희동,1113076,1141061500,20080506,1141011700
436,서울특별시,서대문구,홍제1동,홍제제1동,홍제동,1113062,1141062000,19880423,1141011100
437,서울특별시,서대문구,홍제3동,홍제제3동,홍제동,1113064,1141064000,19880423,1141011100
438,서울특별시,서대문구,홍제2동,홍제제2동,홍제동,1113065,1141065500,20080506,1141011100
439,서울특별시,서대문구,홍은1동,홍은제1동,홍은동,1113066,1141066000,19880423,1141011800
440,서울특별시,서대문구,홍은2동,홍은제2동,홍은동,1113068,1141068500,20080506,1141011800
441,서울특별시,서대문구,남가좌1동,남가좌제1동,남가좌동,1113069,1141069000,19880423,1141012000
442,서울특별시,서대문구,남가좌2동,남가좌제2동,남가좌동,1113070,1141070000,19880423,1141012000
443,서울특별시,서대문구,북가좌1동,북가좌제1동,북가좌동,1113071,1141071000,19880423,1141011900
444,서울특별시,서대문구,북가좌2동,북가좌제2동,북가좌동,1113072,1141072000,19880423,1141011900
445,서울특별시,마포구,마포구,마포구,마포구,11140,1144000000,19880423,1144000000
446,서울특별시,마포구,아현동,아현동,아현동,1114078,1144055500,20080107,1144010100
447,서울특별시,마포구,아현동,아현동,공덕동,1114078,1144055500,20080107,1144010200
448,서울특별시,마포구,아현동,아현동,염리동,1114078,1144055500,20080107,1144010900
449,서울특별시,마포구,공덕동,공덕동,아현동,1114077,1144056500,20080107,1144010100
450,서울특별시,마포구,공덕동,공덕동,공덕동,1114077,1144056500,20080107,1144010200
451,서울특별시,마포구,공덕동,공덕동,신공덕동,1114077,1144056500,20080107,1144010300
452,서울특별시,마포구,공덕동,공덕동,도화동,1114077,1144056500,20080107,1144010400
453,서울특별시,마포구,도화동,도화동,도화동,1114075,1144058500,20070101,1144010400
454,서울특별시,마포구,도화동,도화동,마포동,1114075,1144058500,20070101,1144010700
455,서울특별시,마포구,용강동,용강동,도화동,1114059,1144059000,20070101,1144010400
456,서울특별시,마포구,용강동,용강동,용강동,1114059,1144059000,20070101,1144010500
457,서울특별시,마포구,용강동,용강동,토정동,1114059,1144059000,20070101,1144010600
458,서울특별시,마포구,용강동,용강동,마포동,1114059,1144059000,20070101,1144010700
459,서울특별시,마포구,용강동,용강동,대흥동,1114059,1144059000,20070101,1144010800
460,서울특별시,마포구,용강동,용강동,염리동,1114059,1144059000,20070101,1144010900
461,서울특별시,마포구,대흥동,대흥동,대흥동,1114060,1144060000,19880423,1144010800
462,서울특별시,마포구,대흥동,대흥동,노고산동,1114060,1144060000,19880423,1144011000
463,서울특별시,마포구,대흥동,대흥동,신수동,1114060,1144060000,19880423,1144011100
464,서울특별시,마포구,염리동,염리동,공덕동,1114061,1144061000,20150723,1144010200
465,서울특별시,마포구,염리동,염리동,염리동,1114061,1144061000,20150723,1144010900
466,서울특별시,마포구,신수동,신수동,대흥동,1114063,1144063000,20070101,1144010800
467,서울특별시,마포구,신수동,신수동,신수동,1114063,1144063000,20070101,1144011100
468,서울특별시,마포구,신수동,신수동,현석동,1114063,1144063000,20070101,1144011200
469,서울특별시,마포구,신수동,신수동,구수동,1114063,1144063000,20070101,1144011300
470,서울특별시,마포구,신수동,신수동,신정동,1114063,1144063000,20070101,1144011700
471,서울특별시,마포구,서강동,서강동,창전동,1114076,1144065500,20070101,1144011400
472,서울특별시,마포구,서강동,서강동,상수동,1114076,1144065500,20070101,1144011500
473,서울특별시,마포구,서강동,서강동,하중동,1114076,1144065500,20070101,1144011600
474,서울특별시,마포구,서강동,서강동,신정동,1114076,1144065500,20070101,1144011700
475,서울특별시,마포구,서강동,서강동,당인동,1114076,1144065500,20070101,1144011800
476,서울특별시,마포구,서교동,서교동,노고산동,1114066,1144066000,20080107,1144011000
477,서울특별시,마포구,서교동,서교동,서교동,1114066,1144066000,20080107,1144012000
478,서울특별시,마포구,서교동,서교동,동교동,1114066,1144066000,20080107,1144012100
479,서울특별시,마포구,합정동,합정동,합정동,1114068,1144068000,19880423,1144012200
480,서울특별시,마포구,망원1동,망원제1동,망원동,1114069,1144069000,19880423,1144012300
481,서울특별시,마포구,망원2동,망원제2동,망원동,1114070,1144070000,19880423,1144012300
482,서울특별시,마포구,연남동,연남동,연남동,1114071,1144071000,19880423,1144012400
483,서울특별시,마포구,성산1동,성산제1동,성산동,1114072,1144072000,19880423,1144012500
484,서울특별시,마포구,성산2동,성산제2동,성산동,1114073,1144073000,19880423,1144012500
485,서울특별시,마포구,성산2동,성산제2동,중동,1114073,1144073000,19880423,1144012600
486,서울특별시,마포구,상암동,상암동,상암동,1114074,1144074000,19880423,1144012700
487,서울특별시,양천구,양천구,양천구,양천구,11150,1147000000,19880423,1147000000
488,서울특별시,양천구,목1동,목1동,목동,1115051,1147051000,19880423,1147010200
489,서울특별시,양천구,목2동,목2동,목동,1115052,1147052000,19880423,1147010200
490,서울특별시,양천구,목3동,목3동,목동,1115053,1147053000,19880423,1147010200
491,서울특별시,양천구,목4동,목4동,목동,1115054,1147054000,19880423,1147010200
492,서울특별시,양천구,목5동,목5동,목동,1115071,1147055000,19880701,1147010200
493,서울특별시,양천구,신월1동,신월1동,신월동,1115057,1147056000,19880423,1147010300
494,서울특별시,양천구,신월2동,신월2동,신월동,1115058,1147057000,19880423,1147010300
495,서울특별시,양천구,신월3동,신월3동,신월동,1115059,1147058000,19880423,1147010300
496,서울특별시,양천구,신월4동,신월4동,신월동,1115060,1147059000,19880423,1147010300
497,서울특별시,양천구,신월5동,신월5동,신월동,1115061,1147060000,19880423,1147010300
498,서울특별시,양천구,신월6동,신월6동,신월동,1115062,1147061000,19880423,1147010300
499,서울특별시,양천구,신월7동,신월7동,신월동,1115063,1147061100,19890601,1147010300
500,서울특별시,양천구,신정1동,신정1동,신정동,1115064,1147062000,19880423,1147010100
501,서울특별시,양천구,신정2동,신정2동,신정동,1115065,1147063000,19880423,1147010100
502,서울특별시,양천구,신정3동,신정3동,신정동,1115066,1147064000,19880423,1147010100
503,서울특별시,양천구,신정4동,신정4동,신정동,1115072,1147065000,19880423,1147010100
504,서울특별시,양천구,신정6동,신정6동,신정동,1115069,1147067000,19880701,1147010100
505,서울특별시,양천구,신정7동,신정7동,신정동,1115070,1147068000,19890901,1147010100
506,서울특별시,강서구,강서구,강서구,강서구,11160,1150000000,19880423,1150000000
507,서울특별시,강서구,염창동,염창동,염창동,1116051,1150051000,19880423,1150010100
508,서울특별시,강서구,염창동,염창동,가양동,1116051,1150051000,19880423,1150010400
509,서울특별시,강서구,등촌1동,등촌제1동,등촌동,1116052,1150052000,19880423,1150010200
510,서울특별시,강서구,등촌2동,등촌제2동,등촌동,1116053,1150053000,19880423,1150010200
511,서울특별시,강서구,등촌3동,등촌제3동,등촌동,1116054,1150053500,19951201,1150010200
512,서울특별시,강서구,화곡1동,화곡제1동,화곡동,1116073,1150054000,19880423,1150010300
513,서울특별시,강서구,화곡2동,화곡제2동,화곡동,1116057,1150055000,19880423,1150010300
514,서울특별시,강서구,화곡3동,화곡제3동,화곡동,1116058,1150056000,19880423,1150010300
515,서울특별시,강서구,화곡4동,화곡제4동,화곡동,1116059,1150057000,19880423,1150010300
516,서울특별시,강서구,화곡본동,화곡본동,화곡동,1116055,1150059000,19880423,1150010300
517,서울특별시,강서구,화곡6동,화곡제6동,화곡동,1116061,1150059100,19910907,1150010300
518,서울특별시,강서구,화곡8동,화곡제8동,화곡동,1116063,1150059300,19910907,1150010300
519,서울특별시,강서구,가양1동,가양제1동,가양동,1116064,1150060300,19930401,1150010400
520,서울특별시,강서구,가양1동,가양제1동,마곡동,1116064,1150060300,19930401,1150010500
521,서울특별시,강서구,가양2동,가양제2동,가양동,1116065,1150060400,19930401,1150010400
522,서울특별시,강서구,가양3동,가양제3동,가양동,1116066,1150060500,19930401,1150010400
523,서울특별시,강서구,발산1동,발산제1동,마곡동,1116067,1150061100,20140514,1150010500
524,서울특별시,강서구,발산1동,발산제1동,내발산동,1116067,1150061100,20140514,1150010600
525,서울특별시,강서구,발산1동,발산제1동,외발산동,1116067,1150061100,20140514,1150010700
526,서울특별시,강서구,우장산동,우장산동,화곡동,1116074,1150061500,20080825,1150010300
527,서울특별시,강서구,우장산동,우장산동,내발산동,1116074,1150061500,20080825,1150010600
528,서울특별시,강서구,공항동,공항동,마곡동,1116069,1150062000,20140514,1150010500
529,서울특별시,강서구,공항동,공항동,공항동,1116069,1150062000,20140514,1150010800
530,서울특별시,강서구,공항동,공항동,방화동,1116069,1150062000,20140514,1150010900
531,서울특별시,강서구,공항동,공항동,과해동,1116069,1150062000,20140514,1150011100
532,서울특별시,강서구,공항동,공항동,오곡동,1116069,1150062000,20140514,1150011200
533,서울특별시,강서구,공항동,공항동,오쇠동,1116069,1150062000,20140514,1150011300
534,서울특별시,강서구,방화1동,방화제1동,마곡동,1116070,1150063000,20140514,1150010500
535,서울특별시,강서구,방화1동,방화제1동,공항동,1116070,1150063000,20140514,1150010800
536,서울특별시,강서구,방화1동,방화제1동,방화동,1116070,1150063000,20140514,1150010900
537,서울특별시,강서구,방화2동,방화제2동,방화동,1116071,1150064000,19880423,1150010900
538,서울특별시,강서구,방화2동,방화제2동,개화동,1116071,1150064000,19880423,1150011000
539,서울특별시,강서구,방화3동,방화제3동,방화동,1116072,1150064100,19941101,1150010900
540,서울특별시,구로구,구로구,구로구,구로구,11170,1153000000,19880423,1153000000
541,서울특별시,구로구,신도림동,신도림동,신도림동,1117051,1153051000,19880423,1153010100
542,서울특별시,구로구,구로1동,구로제1동,구로동,1117052,1153052000,19880423,1153010200
543,서울특별시,구로구,구로2동,구로제2동,구로동,1117071,1153053000,19880423,1153010200
544,서울특별시,구로구,구로3동,구로제3동,구로동,1117054,1153054000,19880423,1153010200
545,서울특별시,구로구,구로4동,구로제4동,구로동,1117055,1153055000,19880423,1153010200
546,서울특별시,구로구,구로5동,구로제5동,구로동,1117056,1153056000,19880423,1153010200
547,서울특별시,구로구,가리봉동,가리봉동,가리봉동,1117070,1153059500,20080501,1153010300
548,서울특별시,구로구,고척1동,고척제1동,고척동,1117061,1153072000,19880423,1153010600
549,서울특별시,구로구,고척2동,고척제2동,고척동,1117062,1153073000,19880423,1153010600
550,서울특별시,구로구,개봉1동,개봉제1동,개봉동,1117072,1153074000,19880423,1153010700
551,서울특별시,구로구,개봉2동,개봉제2동,개봉동,1117064,1153075000,19880423,1153010700
552,서울특별시,구로구,개봉3동,개봉제3동,개봉동,1117065,1153076000,19880423,1153010700
553,서울특별시,구로구,오류1동,오류1동,오류동,1117067,1153077000,19880423,1153010800
554,서울특별시,구로구,오류2동,오류2동,오류동,1117068,1153078000,19880423,1153010800
555,서울특별시,구로구,오류2동,오류2동,천왕동,1117068,1153078000,19880423,1153011100
556,서울특별시,구로구,오류2동,오류2동,항동,1117068,1153078000,19880423,1153011200
557,서울특별시,구로구,수궁동,수궁동,궁동,1117069,1153079000,19880701,1153010900
558,서울특별시,구로구,수궁동,수궁동,온수동,1117069,1153079000,19880701,1153011000
559,서울특별시,금천구,금천구,금천구,금천구,11180,1154500000,19950301,1154500000
560,서울특별시,금천구,가산동,가산동,가산동,1118051,1154551000,19950301,1154510100
561,서울특별시,금천구,독산1동,독산제1동,독산동,1118052,1154561000,19950301,1154510200
562,서울특별시,금천구,독산2동,독산제2동,독산동,1118053,1154562000,19950301,1154510200
563,서울특별시,금천구,독산3동,독산제3동,독산동,1118054,1154563000,19950301,1154510200
564,서울특별시,금천구,독산4동,독산제4동,독산동,1118055,1154564000,19950301,1154510200
565,서울특별시,금천구,시흥1동,시흥제1동,시흥동,1118057,1154567000,19950301,1154510300
566,서울특별시,금천구,시흥2동,시흥제2동,시흥동,1118058,1154568000,19950301,1154510300
567,서울특별시,금천구,시흥3동,시흥제3동,시흥동,1118059,1154569000,19950301,1154510300
568,서울특별시,금천구,시흥4동,시흥제4동,시흥동,1118060,1154570000,19950301,1154510300
569,서울특별시,금천구,시흥5동,시흥제5동,시흥동,1118061,1154571000,19950301,1154510300
570,서울특별시,영등포구,영등포구,영등포구,영등포구,11190,1156000000,19880423,1156000000
571,서울특별시,영등포구,영등포본동,영등포본동,영등포동,1119073,1156051500,20080901,1156010100
572,서울특별시,영등포구,영등포본동,영등포본동,신길동,1119073,1156051500,20080901,1156013200
573,서울특별시,영등포구,영등포동,영등포동,영등포동,1119074,1156053500,20080901,1156010100
574,서울특별시,영등포구,영등포동,영등포동,영등포동1가,1119074,1156053500,20080901,1156010200
575,서울특별시,영등포구,영등포동,영등포동,영등포동2가,1119074,1156053500,20080901,1156010300
576,서울특별시,영등포구,영등포동,영등포동,영등포동3가,1119074,1156053500,20080901,1156010400
577,서울특별시,영등포구,영등포동,영등포동,영등포동4가,1119074,1156053500,20080901,1156010500
578,서울특별시,영등포구,영등포동,영등포동,영등포동5가,1119074,1156053500,20080901,1156010600
579,서울특별시,영등포구,영등포동,영등포동,영등포동6가,1119074,1156053500,20080901,1156010700
580,서울특별시,영등포구,영등포동,영등포동,영등포동7가,1119074,1156053500,20080901,1156010800
581,서울특별시,영등포구,영등포동,영등포동,영등포동8가,1119074,1156053500,20080901,1156010900
582,서울특별시,영등포구,여의동,여의동,여의도동,1119054,1156054000,19880423,1156011000
583,서울특별시,영등포구,당산1동,당산제1동,당산동1가,1119055,1156055000,19880423,1156011100
584,서울특별시,영등포구,당산1동,당산제1동,당산동2가,1119055,1156055000,19880423,1156011200
585,서울특별시,영등포구,당산1동,당산제1동,당산동3가,1119055,1156055000,19880423,1156011300
586,서울특별시,영등포구,당산2동,당산제2동,당산동4가,1119056,1156056000,19880423,1156011400
587,서울특별시,영등포구,당산2동,당산제2동,당산동5가,1119056,1156056000,19880423,1156011500
588,서울특별시,영등포구,당산2동,당산제2동,당산동6가,1119056,1156056000,19880423,1156011600
589,서울특별시,영등포구,당산2동,당산제2동,당산동,1119056,1156056000,19880423,1156011700
590,서울특별시,영등포구,도림동,도림동,도림동,1119075,1156058500,20080901,1156011800
591,서울특별시,영등포구,문래동,문래동,문래동1가,1119076,1156060500,20080901,1156011900
592,서울특별시,영등포구,문래동,문래동,문래동2가,1119076,1156060500,20080901,1156012000
593,서울특별시,영등포구,문래동,문래동,문래동3가,1119076,1156060500,20080901,1156012100
594,서울특별시,영등포구,문래동,문래동,문래동4가,1119076,1156060500,20080901,1156012200
595,서울특별시,영등포구,문래동,문래동,문래동5가,1119076,1156060500,20080901,1156012300
596,서울특별시,영등포구,문래동,문래동,문래동6가,1119076,1156060500,20080901,1156012400
597,서울특별시,영등포구,양평1동,양평제1동,양평동1가,1119061,1156061000,19880423,1156012500
598,서울특별시,영등포구,양평1동,양평제1동,양평동2가,1119061,1156061000,19880423,1156012600
599,서울특별시,영등포구,양평1동,양평제1동,양평동3가,1119061,1156061000,19880423,1156012700
600,서울특별시,영등포구,양평2동,양평제2동,양평동3가,1119062,1156062000,19880423,1156012700
601,서울특별시,영등포구,양평2동,양평제2동,양평동4가,1119062,1156062000,19880423,1156012800
602,서울특별시,영등포구,양평2동,양평제2동,양평동5가,1119062,1156062000,19880423,1156012900
603,서울특별시,영등포구,양평2동,양평제2동,양평동6가,1119062,1156062000,19880423,1156013000
604,서울특별시,영등포구,양평2동,양평제2동,양화동,1119062,1156062000,19880423,1156013100
605,서울특별시,영등포구,양평2동,양평제2동,양평동,1119062,1156062000,19880423,1156013400
606,서울특별시,영등포구,신길1동,신길제1동,신길동,1119063,1156063000,19880423,1156013200
607,서울특별시,영등포구,신길3동,신길제3동,신길동,1119065,1156065000,19880423,1156013200
608,서울특별시,영등포구,신길4동,신길제4동,신길동,1119066,1156066000,19880423,1156013200
609,서울특별시,영등포구,신길5동,신길제5동,신길동,1119067,1156067000,19880423,1156013200
610,서울특별시,영등포구,신길5동,신길제5동,대림동,1119067,1156067000,19880423,1156013300
611,서울특별시,영등포구,신길6동,신길제6동,신길동,1119068,1156068000,19880423,1156013200
612,서울특별시,영등포구,신길7동,신길제7동,신길동,1119069,1156069000,19880423,1156013200
613,서울특별시,영등포구,대림1동,대림제1동,대림동,1119070,1156070000,19880423,1156013300
614,서울특별시,영등포구,대림2동,대림제2동,대림동,1119071,1156071000,19880423,1156013300
615,서울특별시,영등포구,대림3동,대림제3동,대림동,1119072,1156072000,19880423,1156013300
616,서울특별시,동작구,동작구,동작구,동작구,11200,1159000000,19880423,1159000000
617,서울특별시,동작구,노량진1동,노량진제1동,노량진동,1120072,1159051000,19880423,1159010100
618,서울특별시,동작구,노량진1동,노량진제1동,본동,1120072,1159051000,19880423,1159010400
619,서울특별시,동작구,노량진2동,노량진제2동,노량진동,1120052,1159052000,19880423,1159010100
620,서울특별시,동작구,상도1동,상도제1동,상도동,1120053,1159053000,19880423,1159010200
621,서울특별시,동작구,상도1동,상도제1동,상도1동,1120053,1159053000,19880423,1159010300
622,서울특별시,동작구,상도2동,상도제2동,상도동,1120054,1159054000,19880423,1159010200
623,서울특별시,동작구,상도3동,상도제3동,상도동,1120055,1159055000,19880423,1159010200
624,서울특별시,동작구,상도4동,상도제4동,상도동,1120056,1159056000,19880423,1159010200
625,서울특별시,동작구,흑석동,흑석동,흑석동,1120071,1159060500,20080201,1159010500
626,서울특별시,동작구,사당1동,사당제1동,사당동,1120063,1159062000,19880423,1159010700
627,서울특별시,동작구,사당2동,사당제2동,동작동,1120073,1159063000,20080901,1159010600
628,서울특별시,동작구,사당2동,사당제2동,사당동,1120073,1159063000,20080901,1159010700
629,서울특별시,동작구,사당3동,사당제3동,사당동,1120065,1159064000,19880423,1159010700
630,서울특별시,동작구,사당4동,사당제4동,사당동,1120066,1159065000,19880423,1159010700
631,서울특별시,동작구,사당5동,사당제5동,사당동,1120067,1159065100,19920701,1159010700
632,서울특별시,동작구,대방동,대방동,대방동,1120068,1159066000,19880423,1159010800
633,서울특별시,동작구,신대방1동,신대방제1동,신대방동,1120069,1159067000,19880423,1159010900
634,서울특별시,동작구,신대방2동,신대방제2동,신대방동,1120070,1159068000,19880423,1159010900
635,서울특별시,관악구,관악구,관악구,관악구,11210,1162000000,19880423,1162000000
636,서울특별시,관악구,보라매동,보라매동,봉천동,1121052,1162052500,20080901,1162010100
637,서울특별시,관악구,청림동,청림동,봉천동,1121054,1162054500,20080901,1162010100
638,서울특별시,관악구,성현동,성현동,봉천동,1121079,1162056500,20080901,1162010100
639,서울특별시,관악구,행운동,행운동,봉천동,1121057,1162057500,20080901,1162010100
640,서울특별시,관악구,낙성대동,낙성대동,봉천동,1121058,1162058500,20080901,1162010100
641,서울특별시,관악구,청룡동,청룡동,봉천동,1121080,1162059500,20080901,1162010100
642,서울특별시,관악구,은천동,은천동,봉천동,1121078,1162060500,20080901,1162010100
643,서울특별시,관악구,중앙동,중앙동,봉천동,1121061,1162061500,20080901,1162010100
644,서울특별시,관악구,인헌동,인헌동,봉천동,1121062,1162062500,20080901,1162010100
645,서울특별시,관악구,남현동,남현동,남현동,1121063,1162063000,19880423,1162010300
646,서울특별시,관악구,서원동,서원동,신림동,1121064,1162064500,20080901,1162010200
647,서울특별시,관악구,신원동,신원동,신림동,1121065,1162065500,20080901,1162010200
648,서울특별시,관악구,서림동,서림동,신림동,1121066,1162066500,20080901,1162010200
649,서울특별시,관악구,신사동,신사동,신림동,1121068,1162068500,20080901,1162010200
650,서울특별시,관악구,신림동,신림동,신림동,1121069,1162069500,20080901,1162010200
651,서울특별시,관악구,난향동,난향동,신림동,1121071,1162071500,20080901,1162010200
652,서울특별시,관악구,조원동,조원동,신림동,1121072,1162072500,20080901,1162010200
653,서울특별시,관악구,대학동,대학동,신림동,1121073,1162073500,20080901,1162010200
654,서울특별시,관악구,삼성동,삼성동,신림동,1121082,1162074500,20080901,1162010200
655,서울특별시,관악구,미성동,미성동,신림동,1121083,1162076500,20080901,1162010200
656,서울특별시,관악구,난곡동,난곡동,신림동,1121081,1162077500,20080901,1162010200
657,서울특별시,서초구,서초구,서초구,서초구,11220,1165000000,19880423,1165000000
658,서울특별시,서초구,서초1동,서초1동,서초동,1122051,1165051000,19880423,1165010800
659,서울특별시,서초구,서초2동,서초2동,서초동,1122052,1165052000,19880423,1165010800
660,서울특별시,서초구,서초3동,서초3동,방배동,1122053,1165053000,19890427,1165010100
661,서울특별시,서초구,서초3동,서초3동,서초동,1122053,1165053000,19890427,1165010800
662,서울특별시,서초구,서초4동,서초4동,서초동,1122054,1165053100,19910907,1165010800
663,서울특별시,서초구,잠원동,잠원동,잠원동,1122055,1165054000,19880423,1165010600
664,서울특별시,서초구,반포본동,반포본동,반포동,1122056,1165055000,19880423,1165010700
665,서울특별시,서초구,반포1동,반포1동,반포동,1122057,1165056000,19880423,1165010700
666,서울특별시,서초구,반포2동,반포2동,반포동,1122058,1165057000,19880423,1165010700
667,서울특별시,서초구,반포3동,반포3동,잠원동,1122059,1165058000,19880423,1165010600
668,서울특별시,서초구,반포4동,반포4동,반포동,1122060,1165058100,19890901,1165010700
669,서울특별시,서초구,방배본동,방배본동,방배동,1122061,1165059000,19880423,1165010100
670,서울특별시,서초구,방배1동,방배1동,방배동,1122062,1165060000,19880423,1165010100
671,서울특별시,서초구,방배2동,방배2동,방배동,1122063,1165061000,19880423,1165010100
672,서울특별시,서초구,방배3동,방배3동,방배동,1122064,1165062000,19880423,1165010100
673,서울특별시,서초구,방배4동,방배4동,방배동,1122065,1165062100,19910907,1165010100
674,서울특별시,서초구,양재1동,양재1동,양재동,1122066,1165065100,19920701,1165010200
675,서울특별시,서초구,양재1동,양재1동,우면동,1122066,1165065100,19920701,1165010300
676,서울특별시,서초구,양재2동,양재2동,양재동,1122067,1165065200,19920701,1165010200
677,서울특별시,서초구,양재2동,양재2동,원지동,1122067,1165065200,19920701,1165010400
678,서울특별시,서초구,내곡동,내곡동,내곡동,1122068,1165066000,19880423,1165010900
679,서울특별시,서초구,내곡동,내곡동,염곡동,1122068,1165066000,19880423,1165011000
680,서울특별시,서초구,내곡동,내곡동,신원동,1122068,1165066000,19880423,1165011100
681,서울특별시,강남구,강남구,강남구,강남구,11230,1168000000,19880423,1168000000
682,서울특별시,강남구,신사동,신사동,신사동,1123051,1168051000,19880423,1168010700
683,서울특별시,강남구,신사동,신사동,압구정동,1123051,1168051000,19880423,1168011000
684,서울특별시,강남구,논현1동,논현1동,논현동,1123052,1168052100,19921001,1168010800
685,서울특별시,강남구,논현2동,논현2동,논현동,1123053,1168053100,19921001,1168010800
686,서울특별시,강남구,압구정동,압구정동,신사동,1123077,1168054500,20090301,1168010700
687,서울특별시,강남구,압구정동,압구정동,압구정동,1123077,1168054500,20090301,1168011000
688,서울특별시,강남구,청담동,청담동,청담동,1123078,1168056500,20090301,1168010400
689,서울특별시,강남구,삼성1동,삼성1동,삼성동,1123058,1168058000,19880423,1168010500
690,서울특별시,강남구,삼성2동,삼성2동,삼성동,1123059,1168059000,19880423,1168010500
691,서울특별시,강남구,대치1동,대치1동,대치동,1123060,1168060000,19880423,1168010600
692,서울특별시,강남구,대치2동,대치2동,대치동,1123079,1168061000,19880423,1168010600
693,서울특별시,강남구,대치4동,대치4동,대치동,1123063,1168063000,19880701,1168010600
694,서울특별시,강남구,역삼1동,역삼1동,역삼동,1123064,1168064000,19880423,1168010100
695,서울특별시,강남구,역삼2동,역삼2동,역삼동,1123065,1168065000,19880423,1168010100
696,서울특별시,강남구,도곡1동,도곡1동,도곡동,1123066,1168065500,19890101,1168011800
697,서울특별시,강남구,도곡2동,도곡2동,도곡동,1123067,1168065600,19890101,1168011800
698,서울특별시,강남구,개포1동,개포1동,개포동,1123068,1168066000,19880423,1168010300
699,서울특별시,강남구,개포2동,개포2동,개포동,1123080,1168067000,19880423,1168010300
700,서울특별시,강남구,개포2동,개포2동,일원동,1123080,1168067000,19880423,1168011400
701,서울특별시,강남구,개포4동,개포4동,개포동,1123071,1168069000,19880701,1168010300
702,서울특별시,강남구,세곡동,세곡동,세곡동,1123076,1168070000,19880423,1168011100
703,서울특별시,강남구,세곡동,세곡동,자곡동,1123076,1168070000,19880423,1168011200
704,서울특별시,강남구,세곡동,세곡동,율현동,1123076,1168070000,19880423,1168011300
705,서울특별시,강남구,일원본동,일원본동,일원동,1123072,1168072000,19921001,1168011400
706,서울특별시,강남구,일원본동,일원본동,수서동,1123072,1168072000,19921001,1168011500
707,서울특별시,강남구,일원1동,일원1동,일원동,1123073,1168073000,19921001,1168011400
708,서울특별시,강남구,일원1동,일원1동,수서동,1123073,1168073000,19921001,1168011500
709,서울특별시,강남구,일원2동,일원2동,개포동,1123074,1168074000,19921001,1168010300
710,서울특별시,강남구,일원2동,일원2동,대치동,1123074,1168074000,19921001,1168010600
711,서울특별시,강남구,일원2동,일원2동,일원동,1123074,1168074000,19921001,1168011400
712,서울특별시,강남구,수서동,수서동,수서동,1123075,1168075000,19921001,1168011500
713,서울특별시,송파구,송파구,송파구,송파구,11240,1171000000,19880423,1171000000
714,서울특별시,송파구,풍납1동,풍납1동,풍납동,1124051,1171051000,19880423,1171010300
715,서울특별시,송파구,풍납2동,풍납2동,풍납동,1124052,1171052000,19880423,1171010300
716,서울특별시,송파구,거여1동,거여1동,거여동,1124053,1171053100,19920701,1171011300
717,서울특별시,송파구,거여2동,거여2동,거여동,1124054,1171053200,19920701,1171011300
718,서울특별시,송파구,마천1동,마천1동,마천동,1124055,1171054000,19880423,1171011400
719,서울특별시,송파구,마천2동,마천2동,마천동,1124056,1171055000,19880423,1171011400
720,서울특별시,송파구,방이1동,방이1동,방이동,1124057,1171056100,19920701,1171011100
721,서울특별시,송파구,방이2동,방이2동,방이동,1124058,1171056200,19920701,1171011100
722,서울특별시,송파구,오륜동,오륜동,방이동,1124059,1171056600,19890601,1171011100
723,서울특별시,송파구,오금동,오금동,오금동,1124060,1171057000,19880423,1171011200
724,서울특별시,송파구,송파1동,송파1동,송파동,1124061,1171058000,19880423,1171010400
725,서울특별시,송파구,송파2동,송파2동,송파동,1124062,1171059000,19880423,1171010400
726,서울특별시,송파구,석촌동,석촌동,석촌동,1124063,1171060000,19880423,1171010500
727,서울특별시,송파구,삼전동,삼전동,삼전동,1124064,1171061000,19880701,1171010600
728,서울특별시,송파구,가락본동,가락본동,가락동,1124065,1171062000,19880701,1171010700
729,서울특별시,송파구,가락1동,가락1동,가락동,1124066,1171063100,19890601,1171010700
730,서울특별시,송파구,가락2동,가락2동,가락동,1124067,1171063200,19890601,1171010700
731,서울특별시,송파구,문정1동,문정1동,문정동,1124068,1171064100,19890901,1171010800
732,서울특별시,송파구,문정2동,문정2동,문정동,1124069,1171064200,19890901,1171010800
733,서울특별시,송파구,문정2동,문정2동,장지동,1124069,1171064200,19890901,1171010900
734,서울특별시,송파구,장지동,장지동,문정동,1124081,1171064600,19960801,1171010800
735,서울특별시,송파구,장지동,장지동,장지동,1124081,1171064600,19960801,1171010900
736,서울특별시,송파구,위례동,위례동,장지동,1124082,1171064700,20150706,1171010900
737,서울특별시,송파구,위례동,위례동,거여동,1124082,1171064700,20150706,1171011300
738,서울특별시,송파구,잠실본동,잠실본동,잠실동,1124071,1171065000,19880423,1171010100
739,서울특별시,송파구,잠실2동,잠실2동,잠실동,1124079,1171067000,19880423,1171010100
740,서울특별시,송파구,잠실3동,잠실3동,잠실동,1124080,1171068000,19880423,1171010100
741,서울특별시,송파구,잠실4동,잠실4동,신천동,1124075,1171069000,19880423,1171010200
742,서울특별시,송파구,잠실6동,잠실6동,신천동,1124077,1171071000,19880423,1171010200
743,서울특별시,송파구,잠실7동,잠실7동,잠실동,1124078,1171072000,19890901,1171010100
744,서울특별시,강동구,강동구,강동구,강동구,11250,1174000000,19880423,1174000000
745,서울특별시,강동구,강일동,강일동,상일동,1125051,1174051500,20000101,1174010300
746,서울특별시,강동구,강일동,강일동,강일동,1125051,1174051500,20000101,1174011000
747,서울특별시,강동구,상일동,상일동,상일동,1125052,1174052000,19880423,1174010300
748,서울특별시,강동구,명일1동,명일제1동,명일동,1125053,1174053000,19880501,1174010100
749,서울특별시,강동구,명일2동,명일제2동,명일동,1125054,1174054000,19880423,1174010100
750,서울특별시,강동구,고덕1동,고덕제1동,고덕동,1125055,1174055000,19880423,1174010200
751,서울특별시,강동구,고덕2동,고덕제2동,고덕동,1125056,1174056000,19880423,1174010200
752,서울특별시,강동구,암사1동,암사제1동,암사동,1125072,1174057000,19880423,1174010700
753,서울특별시,강동구,암사2동,암사제2동,암사동,1125058,1174058000,19880423,1174010700
754,서울특별시,강동구,암사3동,암사제3동,암사동,1125059,1174059000,19880423,1174010700
755,서울특별시,강동구,천호1동,천호제1동,천호동,1125061,1174060000,19880423,1174010900
756,서울특별시,강동구,천호2동,천호제2동,천호동,1125073,1174061000,19880423,1174010900
757,서울특별시,강동구,천호3동,천호제3동,천호동,1125063,1174062000,19880423,1174010900
758,서울특별시,강동구,성내1동,성내제1동,성내동,1125065,1174064000,19880423,1174010800
759,서울특별시,강동구,성내2동,성내제2동,성내동,1125066,1174065000,19880423,1174010800
760,서울특별시,강동구,성내3동,성내제3동,성내동,1125067,1174066000,19880423,1174010800
761,서울특별시,강동구,길동,길동,길동,1125074,1174068500,20080707,1174010500
762,서울특별시,강동구,둔촌1동,둔촌제1동,둔촌동,1125070,1174069000,19880423,1174010600
763,서울특별시,강동구,둔촌2동,둔촌제2동,둔촌동,1125071,1174070000,19880423,1174010600
