,avg_clus,interval_1,sing_clus,sum_2,경도,동,동주소,수소충전소,업체명,위도,자치구,주차경도,주차구획수,주차급지구분,주차기본시간,주차기본요금,주차부제시행구분,주차요금정보,주차운영요일,주차위도,주차장구분,주차장명,주차장유형,토요일운영시작시각,토요일운영종료시각,평일운영시작시각,평일운영종료시각
0,,10,27.0,3.2832306112863323,37.5136307,논현2동,서울특별시  강남구 학동로 204,0,(주)상현상사,127.0291575,강남구,,,,,,,,,,,,,,,,
1,,10,29.0,3.1917227506265062,37.4905825,도곡1동,서울특별시  강남구 강남대로58길 61,0,진양가스,127.0346343,강남구,,,,,,,,,,,,,,,,
2,,10,2.0,2.8453399559960086,37.4977796,일원2동,서울특별시  강남구 남부순환로 3154,0,남서울가스(주),127.0733765,강남구,,,,,,,,,,,,,,,,
3,,10,10.0,4.51505097484219,37.482795700000004,세곡동,서울특별시  강남구 밤고개로 127,0,(주)수서에너지,127.10282579999999,강남구,,,,,,,,,,,,,,,,
4,,10,35.0,1.234895199255068,37.5450485,상일동,서울특별시  강동구 천호대로 1452,0,복지상일충전소,127.1675848,강동구,,,,,,,,,,,,,,,,
5,,10,0.0,1.6373749802713409,37.5364849,성내2동,서울특별시  강동구 천호대로 1056,0,(주)경기에너지,127.1268028,강동구,,,,,,,,,,,,,,,,
6,,9,25.0,2.0286584958317575,37.5252332,둔촌2동,서울특별시  강동구 동남로 563,0,둔촌충전소,127.1444095,강동구,,,,,,,,,,,,,,,,
7,,10,9.0,0.6137585064780309,37.636197700000004,번1동,서울특별시  강북구 도봉로 318,0,서울와사공업(주),127.0223295,강북구,,,,,,,,,,,,,,,,
8,,10,23.0,0.5364163234805249,37.628133,번3동,서울특별시  강북구 한천로 833,0,(주)청학에너지,127.04186509999998,강북구,,,,,,,,,,,,,,,,
9,,10,3.0,2.3923810299312604,37.565115899999995,가양1동,서울특별시  강서구 양천로 200,0,복지마곡충전소,126.80653889999999,강서구,,,,,,,,,,,,,,,,
10,,10,33.0,1.65168887170173,37.5583883,가양3동,서울특별시  강서구 양천로 551,0,대양가스충전소,126.8585873,강서구,,,,,,,,,,,,,,,,
11,,9,31.0,2.0247918133928167,37.5380632,공항동,서울특별시  강서구 오정로 390,0,(주)삼표에너지 김포충전소,126.7959011,강서구,,,,,,,,,,,,,,,,
12,,9,19.0,2.0247918133928167,37.555591,공항동,서울특별시  강서구 벌말로 271,0,(주)에너지플러스 오곡동충전소,126.76601940000002,강서구,,,,,,,,,,,,,,,,
13,,10,30.0,2.7859427143781472,37.52972379999999,화곡1동,서울특별시  강서구 곰달래로24길 19,0,대흥에너지산업(주),126.84502930000001,강서구,,,,,,,,,,,,,,,,
14,,10,37.0,1.5599313462419504,37.47367620000001,낙성대동,서울특별시  관악구 관악로 96,0,명화가스(주),126.95127649999999,관악구,,,,,,,,,,,,,,,,
15,,10,24.0,1.7136761695487783,37.4735388,서림동,서울특별시  관악구 신림로 170,0,신림충전소,126.9319687,관악구,,,,,,,,,,,,,,,,
16,,10,28.0,2.0918355031660973,37.4842727,구로3동,서울특별시  구로구 시흥대로 573,0,동일석유(주)남부충전소,126.89976419999999,구로구,,,,,,,,,,,,,,,,
17,,10,40.0,1.5655005959624588,37.5069035,수궁동,서울특별시  구로구 신정로 59,0,오승프라임산업(주),126.82690600000001,구로구,,,,,,,,,,,,,,,,
18,,10,12.0,2.281144856701434,37.5018823,구로2동,서울특별시  구로구 경인로 537,0,한일가스산업(주),126.87566559999999,구로구,,,,,,,,,,,,,,,,
19,,10,34.0,1.8041919414421927,37.49642120000001,개봉1동,서울특별시  구로구 경인로 364,0,개봉충전소,126.8583566,구로구,,,,,,,,,,,,,,,,
20,,10,38.0,0.7697513668760088,37.5896355,휘경1동,서울특별시  동대문구 망우로 57,0,수도에너지(주)동서울충전소,127.0572487,동대문구,,,,,,,,,,,,,,,,
21,,10,14.0,1.0395582509313401,37.591046,청량리동,서울특별시  동대문구 회기로 44,0,(주)홍릉가스충전소,127.03904229999999,동대문구,,,,,,,,,,,,,,,,
22,,10,18.0,1.2148800129696404,37.57615379999999,답십리2동,서울특별시  동대문구 한천로 169,0,복지장안충전소,127.06503729999999,동대문구,,,,,,,,,,,,,,,,
23,,10,39.0,1.5314443482629567,37.5628972,장안1동,서울특별시  동대문구 천호대로 353,0,장안동가스충전소,127.05646770000001,동대문구,,,,,,,,,,,,,,,,
24,,10,13.0,1.9088657537827227,37.4868961,사당1동,서울특별시  서초구 동작대로 26,0,수도석유(주)방배충전소,126.973018,동작구,,,,,,,,,,,,,,,,
25,,10,26.0,2.4779512350046677,37.4994173,대방동,서울특별시  동작구 상도로 74,0,동일석유(주)동주충전소,126.9266463,동작구,,,,,,,,,,,,,,,,
26,,10,11.0,1.258377972824218,37.5736524,북가좌1동,서울특별시  서대문구 수색로 123,0,연일가스산업(주),126.90409409999998,서대문구,,,,,,,,,,,,,,,,
27,,10,32.0,3.8686637211629633,37.5188926,잠원동,서울특별시  서초구 잠원로 181,0,(주)영동가스,127.00966609999999,서초구,,,,,,,,,,,,,,,,
28,,10,15.0,2.752582616181934,37.4730658,방배3동,서울특별시  서초구 남부순환로 2224,0,서초충전소,126.99327770000001,서초구,,,,,,,,,,,,,,,,
29,,10,5.0,1.5410258459179542,37.548710799999995,성수1가2동,서울특별시  성동구 왕십리로 124,0,덕마가스충전소,127.04272749999998,성동구,,,,,,,,,,,,,,,,
30,,10,21.0,0.5646728575762108,37.6079111,길음2동,서울특별시  성북구 종암로 201,0,우일에너지(주),127.0280595,성북구,,,,,,,,,,,,,,,,
31,,10,22.0,0.5741613082723306,37.6132323,장위3동,서울특별시  성북구 화랑로 291,0,(주)장위가스,127.05843529999999,성북구,,,,,,,,,,,,,,,,
32,,10,41.0,2.5503296227429186,37.5061584,오금동,서울특별시  송파구 마천로 103,0,오금가스충전소,127.12940829999998,송파구,,,,,,,,,,,,,,,,
33,,10,6.0,2.290243155478404,37.5081049,석촌동,서울특별시  송파구 석촌호수로 242,0,홍익에너지(주),127.1014515,송파구,,,,,,,,,,,,,,,,
34,,10,36.0,1.6891309116164153,37.53107650000001,신월1동,서울특별시  양천구 남부순환로 411,0,(주)대흥가스,126.82973909999998,양천구,,,,,,,,,,,,,,,,
35,,10,16.0,2.570891707009513,37.5068869,신정3동,서울특별시  양천구 신정로 146,0,수도에너지(주),126.83681409999998,양천구,,,,,,,,,,,,,,,,
36,,10,17.0,2.3025123975785977,37.5256,신정4동,서울특별시  양천구 목동로 193,0,목동충전소,126.8618748,양천구,,,,,,,,,,,,,,,,
37,,10,42.0,2.1007954925761423,37.5362563,양평2동,서울특별시  영등포구 선유로52길 5,0,기린에너지,126.89676429999999,영등포구,,,,,,,,,,,,,,,,
38,,10,4.0,2.5701354059298867,37.517433399999994,문래동,서울특별시  영등포구 선유로 37,0,(주)세지,126.88625829999998,영등포구,,,,,,,,,,,,,,,,
39,,10,8.0,1.8846894813503645,37.6436336,진관동,서울특별시  은평구 통일로 1186,0,은평서부충전소,126.91902420000001,은평구,,,,,,,,,,,,,,,,
40,,10,20.0,0.48683300436366195,37.5796396,면목5동,서울특별시  중랑구 동일로 553,0,(주)풍림에너지,127.07705020000002,중랑구,,,,,,,,,,,,,,,,
41,,10,7.0,0.9682001506123221,37.5941469,중화2동,서울특별시  중랑구 망우로 209,0,동일석유(주)황금충전소,127.07365779999999,중랑구,,,,,,,,,,,,,,,,
42,,10,1.0,1.111761018127484,37.6127083,신내1동,서울특별시  중랑구 용마산로 691,0,신내LPG충전소,127.09862530000001,중랑구,,,,,,,,,,,,,,,,
0,51.0,10,,2.957020017448969,,신사동,,0,,,강남구,126.9221169,135.0,3,5.0,150.0,요일제,유료,평일+토요일+공휴일,37.48504129999999,공영,남부초공영주차장,노외,00:00,00:00,00:00,00:00
1,25.0,10,,2.957020017448969,,신사동,,0,,,강남구,126.915444,41.0,5,5.0,50.0,요일제,유료,평일+토요일+공휴일,37.4843973,공영,신사동제1공영주차장,노외,09:00,16:00,09:00,19:00
2,170.0,10,,2.957020017448969,,신사동,,0,,,강남구,127.0270562016,343.0,1,5.0,400.0,요일제,유료,평일+토요일+공휴일,37.5268421056,공영,압구정428,노외,09:00,21:00,09:00,21:00
3,107.0,10,,2.957020017448969,,신사동,,0,,,강남구,127.02399152299999,185.0,2,5.0,300.0,요일제,유료,평일+토요일+공휴일,37.5233612951,공영,신구초교,노외,00:00,00:00,00:00,00:00
4,138.0,10,,3.414381187581929,,논현1동,,0,,,강남구,127.0262216669,192.0,2,5.0,300.0,요일제,유료,평일+토요일+공휴일,37.508490656599996,공영,논현초교,노외,00:00,00:00,00:00,00:00
5,143.0,10,,3.0602457661072195,,삼성1동,,0,,,강남구,127.0626093517,67.0,1,5.0,400.0,요일제,유료,평일+토요일+공휴일,37.5143551261,공영,삼성1동문화센터,노외,00:00,00:00,07:00,22:00
6,10.0,10,,3.0602457661072195,,삼성1동,,0,,,강남구,127.066491114,926.0,4,5.0,100.0,요일제,유료,평일+토요일+공휴일,37.5141115358,공영,탄천주차장,노외,00:00,00:00,00:00,00:00
7,119.0,10,,3.0602457661072195,,삼성1동,,0,,,강남구,127.0521408548,45.0,2,5.0,300.0,요일제,유료,평일,37.5159099376,공영,삼성로별관 부설,부설,00:00,00:00,09:00,18:00
8,124.0,10,,3.88421238200609,,삼성2동,,0,,,강남구,127.04637764540001,115.0,1,5.0,400.0,요일제,유료,평일+토요일+공휴일,37.5103116999,공영,강남치매지원센터,노외,00:00,00:00,00:00,00:00
9,23.0,10,,3.383809530145295,,대치4동,,0,,,강남구,127.0564525891,29.0,1,5.0,400.0,요일제,유료,평일,37.4976788229,공영,도곡로421,노외,00:00,00:00,09:00,19:00
10,133.0,10,,4.999509946695874,,역삼1동,,0,,,강남구,127.0388718483,78.0,1,5.0,400.0,요일제,유료,평일+토요일+공휴일,37.4925934254,공영,도곡로21길7,노외,00:00,00:00,00:00,00:00
11,101.0,10,,4.999509946695874,,역삼1동,,0,,,강남구,127.0332824836,118.0,1,5.0,400.0,요일제,유료,평일+토요일+공휴일,37.4953738379,공영,역삼1동문화센터,노외,00:00,00:00,00:00,00:00
12,100.0,10,,4.999509946695874,,역삼1동,,0,,,강남구,127.03039046159999,59.0,2,5.0,300.0,요일제,유료,평일,37.5025141908,공영,역삼문화공원,노외,00:00,00:00,00:00,00:00
13,162.0,10,,4.165142987063744,,역삼2동,,0,,,강남구,127.0516657363,22.0,1,5.0,400.0,요일제,유료,평일+토요일+공휴일,37.4961565104,공영,도곡로327,노외,00:00,00:00,09:00,19:00
14,1.0,10,,3.9362597193806743,,도곡2동,,0,,,강남구,127.04343991020001,21.0,2,5.0,300.0,요일제,유료,평일,37.4842521056,공영,논현로32길15,노외,00:00,00:00,09:00,19:00
15,109.0,10,,2.6068168962577905,,개포1동,,0,,,강남구,127.0672849458,92.0,3,5.0,200.0,요일제,유료,평일,37.4760669787,공영,구룡산제1호,노외,00:00,00:00,09:00,19:00
16,24.0,10,,3.5294517891242556,,개포4동,,0,,,강남구,127.0497487923,36.0,3,5.0,200.0,요일제,유료,평일,37.4771388546,공영,개포로24길33,노외,00:00,00:00,09:00,19:00
17,150.0,10,,3.345666806605359,,일원본동,,0,,,강남구,127.084056,67.0,4,5.0,100.0,미시행,혼합,평일+토요일+공휴일,37.484669,공영,일원역,노외,09:00,15:00,09:00,19:00
18,169.0,10,,3.345666806605359,,일원본동,,0,,,강남구,127.078902,11.0,4,5.0,100.0,미시행,유료,평일+토요일+공휴일,37.482745,공영,일원터널,노외,00:00,00:00,00:00,00:00
19,53.0,10,,3.0171387054390397,,일원1동,,0,,,강남구,127.0877676116,323.0,4,5.0,100.0,요일제,유료,평일+토요일+공휴일,37.4931474673,공영,탄천제2호,노외,00:00,00:00,00:00,00:00
20,131.0,10,,3.0171387054390397,,일원1동,,0,,,강남구,127.0817931211,68.0,4,5.0,100.0,요일제,유료,평일,37.4895657461,공영,일원1동,노외,00:00,00:00,06:00,22:00
21,97.0,10,,2.7767029419914175,,수서동,,0,,,강남구,127.09993500000002,653.0,2,5.0,100.0,미시행,유료,평일+토요일+공휴일,37.487944,공영,수서역,노외,00:00,00:00,00:00,00:00
22,17.0,10,,3.915994636574663,,청담동,,0,,,강남구,127.0447140682,225.0,2,5.0,300.0,요일제,유료,평일+토요일+공휴일,37.520126074000004,공영,언북초교,노외,00:00,00:00,00:00,00:00
23,163.0,10,,3.07209575578134,,개포2동,,0,,,강남구,127.068292231,149.0,3,5.0,200.0,요일제,유료,평일+토요일+공휴일,37.4897076707,공영,개포동공원,노외,00:00,00:00,00:00,00:00
24,159.0,8,,1.793714524336515,,강일동,,0,,,강동구,127.172156,85.0,3,5.0,150.0,미시행,유료,평일+토요일+공휴일,37.566151,공영,강일동공영주차장,노외,00:00,00:00,00:00,00:00
25,111.0,10,,1.2799704335077722,,고덕2동,,0,,,강동구,127.15693564969999,27.0,3,5.0,150.0,미시행,유료,평일+토요일+공휴일,37.555670210900004,공영,온조대왕옆공영주차장,노외,00:00,00:00,00:00,00:00
26,155.0,10,,1.703351975549078,,천호1동,,0,,,강동구,127.13631699999999,190.0,3,5.0,150.0,미시행,유료,평일+토요일+공휴일,37.54480220000001,공영,천호1동공영주차장,노외,00:00,00:00,00:00,00:00
27,151.0,10,,1.703351975549078,,천호1동,,0,,,강동구,127.132024,26.0,3,5.0,150.0,미시행,유료,평일+토요일+공휴일,37.542834,공영,고분다리전통시장공영주차장,노외,00:00,00:00,00:00,00:00
28,118.0,10,,1.9852128761416505,,암사1동,,0,,,강동구,127.13798500000001,114.0,3,5.0,150.0,미시행,유료,평일+토요일+공휴일,37.55275200000001,공영,암사1동공영주차장,노외,00:00,00:00,00:00,00:00
29,145.0,10,,0.4914459954163249,,번2동,,0,,,강북구,127.036718,20.0,5,0.0,0.0,요일제,유료,평일+토요일+공휴일,37.626781,공영,번2동주차장,노외,00:00,00:00,00:00,00:00
30,88.0,10,,0.7023636204038451,,수유3동,,0,,,강북구,127.02594199999999,45.0,1,5.0,250.0,요일제,혼합,평일+토요일+공휴일,37.640013,공영,시범주차장,노외,08:00,22:00,08:00,22:00
31,16.0,10,,0.7210667962835655,,삼양동,,0,,,강북구,127.020227,47.0,3,5.0,200.0,요일제,유료,평일+토요일+공휴일,37.620104,공영,대지시장길주차장,노외,00:00,00:00,00:00,00:00
32,3.0,10,,0.7210667962835655,,삼양동,,0,,,강북구,127.013517,87.0,5,0.0,0.0,요일제,유료,평일+토요일+공휴일,37.625959,공영,구세군길주차장,노외,00:00,00:00,00:00,00:00
33,105.0,10,,0.8081095615020244,,송중동,,0,,,강북구,127.033569,53.0,3,5.0,200.0,요일제,유료,평일+토요일+공휴일,37.61160200000001,공영,송중동주차장,노외,00:00,00:00,00:00,00:00
34,128.0,10,,0.8081095615020244,,송중동,,0,,,강북구,127.036247,45.0,3,0.0,0.0,요일제,유료,평일+토요일+공휴일,37.61858400000001,공영,어울림소공원주차장,노외,00:00,00:00,00:00,00:00
35,9.0,10,,0.8081095615020244,,송중동,,0,,,강북구,127.031151,76.0,5,5.0,150.0,요일제,유료,평일+토요일+공휴일,37.622054,공영,오패산주차장,노외,00:00,00:00,00:00,00:00
36,149.0,10,,0.8385523995761026,,송천동,,0,,,강북구,127.025126,59.0,5,5.0,150.0,요일제,유료,평일+토요일+공휴일,37.614536,공영,송천동주차장,노외,00:00,00:00,00:00,00:00
37,132.0,10,,0.58078176221494,,우이동,,0,,,강북구,127.01160700000001,82.0,5,5.0,150.0,요일제,유료,평일+토요일+공휴일,37.656681,공영,우이동주차장,노외,00:00,00:00,00:00,00:00
38,86.0,10,,0.58078176221494,,우이동,,0,,,강북구,127.007884,56.0,3,5.0,200.0,요일제,유료,평일+토요일+공휴일,37.661971,공영,교통광장주차장,노외,00:00,00:00,00:00,00:00
39,5.0,10,,0.8064488823411368,,인수동,,0,,,강북구,127.019186,89.0,3,5.0,200.0,요일제,유료,평일+토요일+공휴일,37.635193,공영,인수동주차장,노외,00:00,00:00,00:00,00:00
40,161.0,10,,0.8064488823411368,,인수동,,0,,,강북구,127.014951,120.0,5,5.0,150.0,요일제,유료,평일+토요일+공휴일,37.641526,공영,가오리주차장,노외,00:00,00:00,00:00,00:00
41,7.0,10,,2.1983219666612155,,화곡본동,,0,,,강서구,126.84855309999999,100.0,5,5.0,50.0,미시행,유료,평일,37.5441208,공영,화곡본-2,노외,00:00,00:00,09:00,19:00
42,46.0,8,,1.8249697043387187,,화곡3동,,0,,,강서구,126.83354409999998,17.0,5,5.0,50.0,미시행,유료,평일,37.5433295,공영,화곡5-3,노외,00:00,00:00,09:00,18:00
43,94.0,10,,1.9234529628271797,,화곡6동,,0,,,강서구,126.84626609999998,300.0,4,5.0,100.0,미시행,유료,평일+토요일,37.5529786,공영,화곡6-1,노외,07:00,23:00,07:00,23:00
44,125.0,10,,1.6088466289298902,,가양2동,,0,,,강서구,126.853045,79.0,3,5.0,150.0,미시행,유료,평일+토요일+공휴일,37.563296,공영,영보빌딩,노외,08:00,21:00,08:00,21:00
45,63.0,10,,1.8324797774436514,,방화3동,,0,,,강서구,126.814605,18.0,4,5.0,100.0,미시행,혼합,평일+토요일+공휴일,37.579612,공영,방화우체국,노외,09:00,15:00,09:00,19:00
46,154.0,10,,2.5710270318392214,,우장산동,,0,,,강서구,126.83854790000001,25.0,5,5.0,50.0,미시행,유료,평일,37.5441769,공영,화곡5-2,노외,00:00,00:00,09:00,18:00
47,93.0,10,,1.854607492382209,,행운동,,0,,,관악구,126.960471,79.0,3,5.0,150.0,요일제,유료,평일+토요일+공휴일,37.4797436,공영,행운동제1공영주차장,노외,00:00,00:00,00:00,00:00
48,126.0,10,,1.59902562710472,,조원동,,0,,,관악구,126.90373899999999,33.0,3,5.0,100.0,미시행,유료,평일+토요일+공휴일,37.484644,공영,구로디지털단지역(상),노외,08:00,21:00,08:00,21:00
49,99.0,8,,1.8770150449382328,,미성동,,0,,,관악구,126.91992150000002,79.0,5,1440.0,50000.0,요일제,유료,평일+토요일+공휴일,37.4762929,공영,미성동제4공영주차장,노외,00:00,00:00,00:00,00:00
50,117.0,8,,1.8770150449382328,,미성동,,0,,,관악구,126.91126820000001,42.0,5,0.0,0.0,요일제,유료,평일+토요일+공휴일,37.4693484,공영,민방위교육장공영주차장,노외,00:00,00:00,00:00,00:00
51,167.0,10,,1.2429793022788527,,화양동,,0,,,광진구,127.07118091219999,44.0,4,5.0,150.0,요일제,유료,평일+토요일+공휴일,37.5452978672,공영,화양동 공영,노외,00:00,00:00,00:00,00:00
52,19.0,10,,1.7346541884507873,,구로4동,,0,,,구로구,126.89157800000001,203.0,3,5.0,150.0,요일제,유료,평일+토요일+공휴일,37.490848,공영,구로리공원 지하,노외,00:00,23:59,00:00,23:59
53,152.0,10,,2.085481383302383,,구로5동,,0,,,구로구,126.89216299999998,65.0,4,5.0,100.0,요일제,유료,평일+토요일+공휴일,37.507776,공영,신도림역 환승,노외,00:00,23:59,00:00,23:59
54,157.0,10,,2.085481383302383,,구로5동,,0,,,구로구,126.889559,245.0,3,5.0,150.0,요일제,유료,평일+토요일+공휴일,37.497057,공영,구로아트밸리 지하,노외,00:00,23:59,00:00,23:59
55,171.0,10,,1.6430253887642499,,고척1동,,0,,,구로구,126.863882,88.0,4,5.0,100.0,요일제,유료,평일+토요일+공휴일,37.502261,공영,고척1동 마을공동,노외,00:00,23:59,00:00,23:59
56,134.0,10,,1.4822093074413556,,오류1동,,0,,,구로구,126.83929499999999,84.0,4,5.0,100.0,요일제,유료,평일+토요일+공휴일,37.495385,공영,오류1동 텃골,노외,00:00,23:59,00:00,23:59
57,87.0,10,,2.066541098926864,,오류2동,,0,,,구로구,126.83888999999999,330.0,4,5.0,100.0,미시행,유료,평일+토요일+공휴일,37.4866,공영,천왕역,노외,00:00,00:00,00:00,00:00
58,33.0,10,,2.269835411679325,,가산동,,0,,,금천구,126.87954540000001,160.0,3,30.0,900.0,요일제,유료,평일,37.4856589,공영,가산디지털서측,노외,00:00,00:00,00:00,00:00
59,91.0,10,,2.269835411679325,,가산동,,0,,,금천구,126.8955605,130.0,5,30.0,390.0,요일제,유료,평일+토요일+공휴일,37.4766272,공영,가산동,노외,00:00,00:00,00:00,00:00
60,146.0,9,,1.9821360460396193,,독산1동,,0,,,금천구,126.8947892,66.0,5,30.0,390.0,요일제,유료,평일+토요일+공휴일,37.4648929,공영,독산1동,노외,00:00,00:00,00:00,00:00
61,113.0,8,,1.8040505152965873,,시흥1동,,0,,,금천구,126.89669029999999,82.0,5,30.0,390.0,요일제,유료,평일+토요일+공휴일,37.4506021,공영,시흥1동,노외,07:00,00:00,07:00,00:00
62,54.0,10,,1.0204057955143275,,휘경2동,,0,,,동대문구,127.06958829999999,40.0,2,10.0,500.0,미시행,유료,평일+토요일+공휴일,37.5892934,공영,견인보관소노외,노외,00:00,00:00,00:00,00:00
63,129.0,10,,1.4688228130523882,,용신동,,0,,,동대문구,127.02426100000001,79.0,3,5.0,150.0,미시행,유료,평일+토요일+공휴일,37.572531,공영,신설동 풍물시장,노외,09:00,19:00,09:00,19:00
64,165.0,10,,1.292845915976754,,장안2동,,0,,,동대문구,127.070618,80.0,4,5.0,100.0,미시행,유료,평일+토요일+공휴일,37.578281,공영,장안2동,노외,00:00,00:00,00:00,00:00
65,112.0,10,,1.0521340504681684,,이문1동,,0,,,동대문구,127.0626233,84.0,2,10.0,500.0,미시행,유료,평일+토요일+공휴일,37.5949959,공영,외대주차빌딩,노외,00:00,00:00,00:00,00:00
66,130.0,10,,1.7346285867555982,,노량진2동,,0,,,동작구,126.940148,88.0,2,5.0,250.0,요일제,유료,평일+토요일+공휴일,37.512187,공영,동작구청부설,노외,00:00,23:59,00:00,23:59
67,2.0,10,,2.2022856564774167,,상도4동,,0,,,동작구,126.934969,56.0,3,5.0,150.0,요일제,유료,평일+토요일+공휴일,37.49962100000001,공영,도화,노외,00:00,23:59,00:00,23:59
68,106.0,10,,1.8510206992484965,,신대방2동,,0,,,동작구,126.92731200000001,20.0,3,5.0,150.0,요일제,유료,평일+토요일+공휴일,37.498866,공영,구릉,노외,00:00,23:59,00:00,23:59
69,72.0,10,,1.8510206992484965,,신대방2동,,0,,,동작구,126.92354399999999,52.0,4,5.0,100.0,요일제,유료,평일+토요일+공휴일,37.493882765900004,공영,보라매공원동문,노외,09:00,21:00,09:00,21:00
70,82.0,10,,2.38933513113716,,흑석동,,0,,,동작구,126.96228700000002,108.0,2,5.0,250.0,미시행,유료,평일+토요일+공휴일,37.506417,공영,흑석3동,노외,00:00,00:00,00:00,00:00
71,160.0,10,,2.004628788588776,,사당2동,,0,,,동작구,126.976331,147.0,4,5.0,100.0,요일제,유료,평일+토요일+공휴일,37.503698,공영,동작주차공원,노외,00:00,23:59,00:00,23:59
72,122.0,10,,2.004628788588776,,사당2동,,0,,,동작구,126.980263,87.0,4,5.0,100.0,미시행,유료,평일+토요일+공휴일,37.505942,공영,동작대교,노외,08:00,22:00,08:00,22:00
73,95.0,10,,1.8173638316089817,,용강동,,0,,,마포구,126.942649,508.0,2,5.0,250.0,미시행,유료,평일+토요일+공휴일,37.53879000000001,공영,마포유수지,노외,00:00,00:00,00:00,00:00
74,120.0,10,,1.524681828512512,,망원2동,,0,,,마포구,126.90645400000001,20.0,4,5.0,100.0,미시행,혼합,평일+토요일+공휴일,37.559666,공영,망원동,노외,09:00,15:00,09:00,19:00
75,61.0,10,,2.9023762035984912,,서초1동,,0,,,서초구,127.01597120000001,29.0,1,10.0,800.0,미시행,유료,평일+토요일+공휴일,37.4939238,공영,교대역동측,노외,09:00,23:00,09:00,23:00
76,104.0,10,,3.8400329351924682,,반포1동,,0,,,서초구,127.02098799999999,58.0,3,10.0,300.0,미시행,유료,평일+토요일+공휴일,37.504727,공영,언구비 주차빌딩,노외,00:00,00:00,00:00,00:00
77,141.0,10,,2.8808212138589697,,반포2동,,0,,,서초구,126.99539250000001,165.0,3,10.0,300.0,미시행,유료,평일+토요일+공휴일,37.5041685,공영,서초구립 반포2동,노외,00:00,00:00,00:00,00:00
78,114.0,10,,3.300881808774624,,반포4동,,0,,,서초구,127.01044399999999,181.0,3,10.0,300.0,미시행,유료,평일+토요일+공휴일,37.4999956,공영,미도아파트 앞 주차빌딩,노외,00:00,00:00,00:00,00:00
79,66.0,10,,3.300881808774624,,반포4동,,0,,,서초구,127.0003038,51.0,3,10.0,300.0,미시행,유료,평일+토요일+공휴일,37.497432,공영,반포4동 주민센터 공영주차장,노외,00:00,00:00,00:00,00:00
80,98.0,10,,2.7734806286717033,,방배본동,,0,,,서초구,126.9853886,161.0,3,10.0,300.0,미시행,유료,평일+토요일+공휴일,37.4962412,공영,이수 주차빌딩,노외,00:00,00:00,00:00,00:00
81,39.0,10,,2.8630514437106016,,방배2동,,0,,,서초구,126.98563600000001,109.0,3,10.0,500.0,미시행,혼합,평일,37.4763143,공영,서울교통공사 사당 부설 주차장,부설,00:00,00:00,09:00,18:00
82,8.0,10,,2.9603771710324778,,방배4동,,0,,,서초구,126.9922476,109.0,3,10.0,300.0,미시행,유료,평일+토요일+공휴일,37.4889095,공영,방배열린 문화센터,노외,00:00,00:00,00:00,00:00
83,147.0,10,,4.29870249181648,,양재1동,,0,,,서초구,127.041321,98.0,3,10.0,300.0,미시행,유료,평일+토요일+공휴일,37.4785659,공영,양재주차빌딩,노외,00:00,00:00,00:00,00:00
84,75.0,10,,2.574122867310566,,내곡동,,0,,,서초구,127.05962199999999,41.0,4,10.0,200.0,미시행,유료,공휴일,37.44665300000001,공영,청계산청룡,노외,05:00,19:00,05:00,19:00
85,28.0,10,,1.6947648448204837,,마장동,,0,,,성동구,127.03854479999998,129.0,2,0.0,0.0,미시행,유료,평일+토요일+공휴일,37.5706795,공영,마장동축산물 서문,노외,00:00,23:59,09:00,20:00
86,90.0,10,,1.5240048626641192,,성수2가1동,,0,,,성동구,127.05638929999999,165.0,4,0.0,0.0,미시행,유료,평일+토요일+공휴일,37.5368616,공영,성수2가1동(건물),노외,00:00,23:59,09:00,18:00
87,92.0,10,,1.537252604982992,,성수2가3동,,0,,,성동구,127.0549305,198.0,4,0.0,0.0,미시행,유료,평일+토요일+공휴일,37.54901270000001,공영,성수2가3동(건물),노외,00:00,23:59,00:00,23:59
88,64.0,10,,1.0276173988657797,,송정동,,0,,,성동구,127.0682035,122.0,4,0.0,0.0,미시행,유료,평일+토요일+공휴일,37.5497209,공영,송정동 (건물),노외,00:00,23:59,00:00,23:59
89,26.0,10,,1.1619314479215523,,용답동,,0,,,성동구,127.05688799999999,149.0,3,10.0,300.0,미시행,혼합,평일,37.562018,공영,서울교통공사 인재개발원 부설 주차장,부설,00:00,00:00,09:00,18:00
90,68.0,9,,1.8106982155155038,,왕십리도선동,,0,,,성동구,127.0338459,85.0,4,0.0,0.0,미시행,유료,평일+토요일+공휴일,37.565856,공영,홍익동(건물),노외,00:00,23:59,00:00,23:59
91,34.0,9,,1.8106982155155038,,왕십리도선동,,0,,,성동구,127.01098111,12.0,3,5.0,0.0,미시행,유료,평일+토요일+공휴일,37.56868111,공영,새싹마을 공영주차장,노외,00:00,00:00,00:00,00:00
92,139.0,8,,1.7532306801052904,,금호2.3가동,,0,,,성동구,127.0194207,124.0,4,0.0,0.0,미시행,유료,평일+토요일+공휴일,37.5523437,공영,금호초등학교(건물),노외,00:00,23:59,00:00,23:59
93,62.0,10,,0.7866102618885447,,월곡2동,,0,,,성북구,127.04230020000001,56.0,3,5.0,150.0,요일제,유료,평일+토요일+공휴일,37.6083886,공영,벤처빌딩,노외,24:00,23:59,24:00,23:59
94,148.0,10,,0.6737144430093571,,장위2동,,0,,,성북구,127.0484822,20.0,3,5.0,150.0,요일제,유료,평일+토요일+공휴일,37.6105275,공영,장위시장,노외,24:00,23:59,24:00,23:59
95,103.0,10,,0.9918729171327197,,삼선동,,0,,,성북구,127.012726,123.0,3,5.0,150.0,요일제,유료,평일+토요일+공휴일,37.5861472,공영,경동고,노외,24:00,23:59,24:00,23:59
96,96.0,10,,1.3651212647564988,,종암동,,0,,,성북구,127.03103700000001,21.0,3,5.0,150.0,미시행,혼합,평일+토요일+공휴일,37.599277,공영,종암1동,노외,09:00,14:00,09:00,22:00
97,73.0,10,,1.549751138215726,,풍납1동,,0,,,송파구,127.116125,81.0,5,5.0,50.0,요일제,유료,평일+토요일+공휴일,37.535919,공영,풍납2공영,노외,00:00,00:00,00:00,00:00
98,35.0,10,,1.549751138215726,,풍납1동,,0,,,송파구,127.121273,15.0,5,30.0,500.0,미시행,유료,평일+토요일,37.537238,공영,풍납시장,노외,09:00,19:00,09:00,19:00
99,164.0,10,,1.7057316437509837,,마천1동,,0,,,송파구,127.15648700000001,116.0,5,5.0,50.0,요일제,유료,평일+토요일+공휴일,37.494314,공영,마천동2,노외,00:00,00:00,00:00,00:00
100,31.0,10,,1.7057316437509837,,마천1동,,0,,,송파구,127.14984199999999,47.0,4,5.0,100.0,요일제,유료,평일+토요일+공휴일,37.496088,공영,마천동3,노외,00:00,00:00,00:00,00:00
101,45.0,10,,1.7529998587017752,,마천2동,,0,,,송파구,127.154843,140.0,5,5.0,50.0,요일제,유료,평일+토요일+공휴일,37.50019,공영,천마,노외,00:00,00:00,00:00,00:00
102,55.0,10,,1.8089929741506845,,방이1동,,0,,,송파구,127.118439,61.0,4,5.0,100.0,요일제,유료,평일+토요일,37.507409,공영,방이고분 주차장,노외,09:00,15:00,09:00,18:00
103,74.0,10,,2.1667137035743713,,방이2동,,0,,,송파구,127.11391299999998,131.0,3,5.0,150.0,요일제,유료,평일+토요일+공휴일,37.51372,공영,방이동,노외,00:00,00:00,00:00,00:00
104,4.0,10,,2.0793254089413833,,송파1동,,0,,,송파구,127.10943799999998,324.0,3,0.0,0.0,요일제,유료,평일+토요일+공휴일,37.506456,공영,송파근린공원주차장,노외,00:00,00:00,00:00,00:00
105,136.0,10,,2.1422603167756735,,삼전동,,0,,,송파구,127.09595700000001,198.0,5,5.0,50.0,요일제,유료,평일+토요일+공휴일,37.500199,공영,삼전동,노외,00:00,00:00,00:00,00:00
106,27.0,10,,2.294402909811981,,가락본동,,0,,,송파구,127.119759,84.0,2,5.0,250.0,요일제,유료,평일+토요일+공휴일,37.494681,공영,가락동2(체비지),노외,00:00,00:00,00:00,00:00
107,43.0,10,,1.8874736250732311,,문정1동,,0,,,송파구,127.124748,290.0,3,5.0,150.0,요일제,유료,평일+토요일+공휴일,37.485972,공영,문정근린공원,노외,00:00,00:00,00:00,00:00
108,135.0,10,,2.5272378487337037,,잠실본동,,0,,,송파구,127.07828,115.0,2,0.0,0.0,요일제,유료,평일+토요일+공휴일,37.510186,공영,아시아공원,노외,00:00,00:00,00:00,00:00
109,58.0,10,,2.1066700504047438,,잠실6동,,0,,,송파구,127.102903,222.0,3,5.0,150.0,미시행,유료,평일+토요일+공휴일,37.522409,공영,신천유수지,노외,00:00,00:00,00:00,00:00
110,85.0,10,,2.1066700504047438,,잠실6동,,0,,,송파구,127.106549,20.0,1,0.0,0.0,요일제,유료,평일+토요일+공휴일,37.513205,공영,송파나루공원 동호주차장,노외,00:00,00:00,00:00,00:00
111,21.0,10,,2.673941639721189,,잠실3동,,0,,,송파구,127.10108799999999,20.0,1,0.0,0.0,요일제,유료,평일+토요일+공휴일,37.510556,공영,더다이닝호수,노외,00:00,00:00,00:00,00:00
112,67.0,10,,2.673941639721189,,잠실3동,,0,,,송파구,127.09772099999999,17.0,1,0.0,0.0,요일제,유료,평일+토요일+공휴일,37.508941,공영,서울놀이마당,노외,00:00,00:00,00:00,00:00
113,11.0,9,,2.1577341164463832,,목2동,,0,,,양천구,126.871574,30.0,5,5.0,50.0,미시행,혼합,평일+토요일+공휴일,37.544424,공영,달마을,노외,00:00,24:00,00:00,24:00
114,168.0,8,,1.9479218905685614,,목3동,,0,,,양천구,126.86609399999999,39.0,5,5.0,50.0,미시행,혼합,평일+토요일+공휴일,37.548771,공영,한두,노외,00:00,24:00,00:00,24:00
115,89.0,8,,1.9479218905685614,,목3동,,0,,,양천구,126.86511100000001,64.0,5,5.0,50.0,미시행,혼합,평일+토요일+공휴일,37.5419998,공영,목3동 해운,노외,00:00,24:00,00:00,24:00
116,108.0,10,,1.503680644851881,,신월3동,,0,,,양천구,126.83241100000001,70.0,5,5.0,50.0,미시행,혼합,평일+토요일+공휴일,37.528565,공영,서서울,노외,00:00,24:00,00:00,24:00
117,81.0,10,,1.503680644851881,,신월3동,,0,,,양천구,126.82455900000001,61.0,5,5.0,50.0,미시행,혼합,평일+토요일+공휴일,37.533173,공영,능골,노외,00:00,24:00,00:00,24:00
118,115.0,10,,1.503680644851881,,신월3동,,0,,,양천구,126.828575,107.0,5,5.0,50.0,미시행,혼합,평일+토요일+공휴일,37.534569,공영,신우,노외,00:00,24:00,00:00,24:00
119,47.0,8,,1.9105303633149178,,신정6동,,0,,,양천구,126.869307,32.0,3,5.0,150.0,미시행,혼합,평일+토요일,37.522152,공영,어울림,노외,09:00,19:00,09:00,19:00
120,15.0,9,,2.0209322912857126,,신정7동,,0,,,양천구,126.860059,125.0,3,5.0,150.0,미시행,혼합,평일,37.514721,공영,신정7동 한사랑교회 앞,노외,00:00,00:00,09:00,19:00
121,37.0,10,,2.4775473763521583,,목5동,,0,,,양천구,126.879154,40.0,3,5.0,150.0,미시행,혼합,평일+토요일,37.53667100000001,공영,우리,노외,09:00,19:00,09:00,19:00
122,22.0,10,,2.4775473763521583,,목5동,,0,,,양천구,126.875401,20.0,3,5.0,150.0,미시행,혼합,평일,37.53182329999999,공영,양천사회단체봉사센터,노외,00:00,00:00,09:00,19:00
123,44.0,10,,2.4775473763521583,,목5동,,0,,,양천구,126.885352,93.0,2,5.0,250.0,미시행,유료,평일+토요일+공휴일,37.536396,공영,양평2동청사 공영주차장,노외,00:00,23:59,00:00,23:59
124,38.0,10,,2.142320809927471,,당산1동,,0,,,영등포구,126.899395,237.0,3,5.0,150.0,미시행,유료,평일+토요일+공휴일,37.526223,공영,당산노외,노외,08:00,21:00,08:00,21:00
125,50.0,10,,2.142320809927471,,당산1동,,0,,,영등포구,126.89515300000001,139.0,3,5.0,150.0,미시행,유료,평일+토요일+공휴일,37.524876,공영,영등포구청역,노외,05:00,01:00,05:00,01:00
126,158.0,10,,1.9734578568677665,,신길1동,,0,,,영등포구,126.918608,17.0,5,0.0,0.0,미시행,유료,평일+토요일+공휴일,37.510226,공영,신길1동공영주차장,노외,00:00,00:00,00:00,00:00
127,65.0,10,,1.9734578568677665,,신길1동,,0,,,영등포구,126.923185,143.0,4,5.0,100.0,미시행,유료,평일+토요일+공휴일,37.513329,공영,경부제3녹지 공영주차장,노외,00:00,23:59,00:00,23:59
128,84.0,10,,1.9971574899100322,,신길3동,,0,,,영등포구,126.90703300000001,145.0,5,5.0,50.0,미시행,유료,평일+토요일+공휴일,37.50796,공영,도림초교공영주차장,노외,10:00,21:00,10:00,21:00
129,137.0,10,,1.6911607968304394,,신길5동,,0,,,영등포구,126.90481799999999,27.0,3,5.0,150.0,미시행,유료,평일+토요일+공휴일,37.502098,공영,신길5동공영주차장,노외,09:00,20:00,10:00,20:00
130,14.0,10,,2.009295786879326,,신길6동,,0,,,영등포구,126.91133700000002,129.0,5,5.0,50.0,미시행,유료,평일+토요일+공휴일,37.50262100000001,공영,신길6동공영주차장,노외,10:00,19:00,10:00,19:00
131,18.0,10,,2.0117270398346507,,대림2동,,0,,,영등포구,126.89993100000001,154.0,5,5.0,50.0,미시행,유료,평일+토요일+공휴일,37.491568,공영,대림2동공영주차장,노외,00:00,23:59,00:00,23:59
132,79.0,10,,2.268708940736144,,대림3동,,0,,,영등포구,126.900465,105.0,5,5.0,50.0,미시행,유료,평일+토요일+공휴일,37.497991,공영,대림3동공영주차장,노외,06:00,22:00,06:00,22:00
133,140.0,10,,2.268708940736144,,대림3동,,0,,,영등포구,126.89481,192.0,5,5.0,50.0,미시행,유료,평일+토요일+공휴일,37.499611,공영,대림운동장공영주차장,노외,06:00,22:00,06:00,22:00
134,142.0,10,,2.18783981658982,,영등포본동,,0,,,영등포구,126.909151,194.0,4,5.0,100.0,미시행,유료,평일+토요일+공휴일,37.514358,공영,영등포본동제1 공영주차장,노외,00:00,23:59,00:00,23:59
135,78.0,10,,2.5008310777342495,,영등포동,,0,,,영등포구,126.908556,28.0,4,5.0,100.0,미시행,유료,평일+토요일+공휴일,37.523736,공영,영등포동제2 공영주차장,노외,00:00,23:59,00:00,23:59
136,12.0,10,,2.5008310777342495,,영등포동,,0,,,영등포구,126.91466299999999,88.0,4,5.0,100.0,미시행,유료,평일,37.517666,공영,신길환승(5호선)공영주차장,노외,00:00,00:00,09:00,18:00
137,116.0,10,,2.022259971477146,,도림동,,0,,,영등포구,126.896694,26.0,5,5.0,50.0,미시행,유료,평일+토요일+공휴일,37.508188,공영,도림동 공영주차장,노외,00:00,00:00,00:00,00:00
138,71.0,9,,1.842044881418781,,한남동,,0,,,용산구,127.002074,180.0,2,5.0,250.0,미시행,유료,평일+토요일+공휴일,37.539028,공영,한강진역,노외,00:00,00:00,00:00,00:00
139,48.0,10,,1.0634061162697845,,갈현1동,,0,,,은평구,126.91533700000001,61.0,4,5.0,100.0,미시행,유료,평일+토요일+공휴일,37.626498,공영,갈현1동 공영주차장,노외,00:00,23:59,00:00,23:59
140,121.0,10,,1.2436271689586271,,구산동,,0,,,은평구,126.908474,77.0,4,5.0,100.0,미시행,유료,평일+토요일+공휴일,37.614751,공영,구산동마을공원지하공영주차장,노외,00:00,23:59,00:00,23:59
141,153.0,10,,1.0367150025335363,,신사2동,,0,,,은평구,126.90683899999999,110.0,4,5.0,100.0,미시행,유료,평일+토요일+공휴일,37.59231079999999,공영,서신초교지하공영주차장,노외,00:00,23:59,00:00,23:59
142,30.0,10,,1.2754858252246215,,불광2동,,0,,,은평구,126.925099,137.0,4,5.0,100.0,미시행,유료,평일+토요일+공휴일,37.623324,공영,연신중학교지하공영주차장,노외,00:00,23:59,00:00,23:59
143,110.0,10,,1.220909866862698,,응암3동,,0,,,은평구,126.91528899999999,160.0,4,5.0,100.0,미시행,유료,평일+토요일+공휴일,37.593506,공영,응암3동 공영주차장,노외,00:00,23:59,00:00,23:59
144,83.0,10,,1.220909866862698,,응암3동,,0,,,은평구,126.920786,80.0,4,5.0,100.0,미시행,유료,평일+토요일+공휴일,37.586576,공영,매바위공영주차장,노외,00:00,23:59,00:00,23:59
145,127.0,10,,1.2806751044229578,,사직동,,0,,,종로구,126.975866,1270.0,1,5.0,300.0,미시행,유료,평일+토요일+공휴일,37.573397,공영,세종로,노외,00:00,00:00,00:00,00:00
146,52.0,10,,1.3106279333285158,,평창동,,0,,,종로구,126.9565401309,40.0,3,5.0,150.0,미시행,유료,평일+토요일+공휴일,37.612215534899995,공영,비봉,노외,08:00,18:00,08:00,18:00
147,40.0,10,,1.885395461880946,,종로1.2.3.4가동,,0,,,종로구,126.98148300000001,45.0,1,5.0,400.0,미시행,유료,평일,37.569835,공영,서린노외,노외,00:00,00:00,09:00,18:00
148,69.0,10,,1.885395461880946,,종로1.2.3.4가동,,0,,,종로구,126.994045,1323.0,1,5.0,400.0,미시행,유료,평일+토요일+공휴일,37.574496,공영,종묘,노외,00:00,00:00,00:00,00:00
149,56.0,10,,1.885395461880946,,종로1.2.3.4가동,,0,,,종로구,126.98358586270001,45.0,1,5.0,400.0,미시행,유료,평일+토요일+공휴일,37.5736815664,공영,서인사마당,노외,08:00,22:00,08:00,22:00
150,6.0,10,,1.5099787779274265,,소공동,,0,,,중구,126.97616311,73.0,1,5.0,400.0,미시행,유료,평일+토요일+공휴일,37.56645111,공영,초동 공영주차장,노외,10:00,19:00,07:00,23:00
151,13.0,10,,1.6189988000205957,,회현동,,0,,,중구,126.97595311,83.0,3,5.0,150.0,미시행,유료,평일+토요일+공휴일,37.55660411,공영,동산 공영주차장,노외,00:00,00:00,00:00,00:00
152,123.0,10,,1.2549177401415108,,명동,,0,,,중구,126.98960911,46.0,1,5.0,400.0,미시행,유료,평일+토요일,37.56736110000001,공영,서소문삼성생명뒤 공영주차장,노외,08:00,22:00,08:00,22:00
153,20.0,10,,1.4717877711328733,,광희동,,0,,,중구,126.99596711,45.0,2,5.0,250.0,미시행,유료,평일+토요일+공휴일,37.56531311,공영,신당사거리 공영주차장,노외,00:00,00:00,00:00,00:00
154,42.0,10,,1.3464665506898497,,을지로동,,0,,,중구,127.00360900000001,878.0,1,0.0,0.0,미시행,유료,평일+토요일+공휴일,37.567026,공영,훈련원 화물대기,노외,00:00,00:00,00:00,00:00
155,70.0,10,,1.2576316665640621,,신당5동,,0,,,중구,127.02288811,24.0,3,5.0,0.0,미시행,유료,평일+토요일+공휴일,37.56505411,공영,충현어린이공원 공영주차장,노외,00:00,00:00,00:00,00:00
156,0.0,10,,1.5333325726174207,,중림동,,0,,,중구,126.96621811,111.0,3,5.0,150.0,미시행,유료,평일+토요일+공휴일,37.55954811,공영,충현 공영주차장,노외,00:00,00:00,00:00,00:00
157,144.0,10,,1.8821600455003091,,신당동,,0,,,중구,127.01677611,76.0,3,5.0,150.0,미시행,유료,평일+토요일+공휴일,37.56744411,공영,다산아트 공영주차장,노외,00:00,00:00,00:00,00:00
158,166.0,10,,1.8821600455003091,,신당동,,0,,,중구,127.014296,24.0,2,5.0,250.0,요일제,유료,평일+토요일+공휴일,37.562026,공영,신당동 공영주차장,노외,09:00,00:00,08:00,00:00
159,76.0,10,,0.8485135226314016,,면목2동,,0,,,중랑구,127.075783364,82.0,4,5.0,100.0,요일제,유료,평일+토요일+공휴일,37.5891843026,공영,중랑초교,노외,00:00,00:00,00:00,00:00
160,156.0,10,,0.8485135226314016,,면목2동,,0,,,중랑구,127.080895225,199.0,4,5.0,100.0,요일제,유료,평일+토요일+공휴일,37.5879339365,공영,면목2동,노외,00:00,00:00,00:00,00:00
161,60.0,10,,0.6877008800374538,,면목4동,,0,,,중랑구,127.082678629,140.0,4,5.0,100.0,요일제,유료,평일+토요일+공휴일,37.5747601767,공영,중곡초교,노외,00:00,00:00,00:00,00:00
162,59.0,10,,0.6877008800374538,,면목4동,,0,,,중랑구,127.089120441,72.0,4,5.0,100.0,요일제,유료,평일+토요일+공휴일,37.5733535419,공영,용마폭포,노외,09:00,18:00,09:00,18:00
163,29.0,10,,0.7364487484584193,,상봉2동,,0,,,중랑구,127.084324844,83.0,4,5.0,100.0,요일제,유료,평일+토요일+공휴일,37.593049171,공영,상봉2동,노외,00:00,00:00,00:00,00:00
164,77.0,10,,0.7274608651700437,,중화1동,,0,,,중랑구,127.08165868100001,130.0,4,5.0,100.0,요일제,유료,평일+토요일+공휴일,37.6027493119,공영,중화1동,노외,00:00,00:00,00:00,00:00
165,80.0,10,,1.0017370865995232,,묵1동,,0,,,중랑구,127.08668999999999,332.0,5,5.0,50.0,미시행,유료,평일+토요일+공휴일,37.62009000000001,공영,화랑대역,노외,00:00,00:00,00:00,00:00
166,49.0,10,,0.7235927112558483,,신내2동,,0,,,중랑구,127.091907,85.0,5,5.0,50.0,미시행,유료,평일+토요일+공휴일,37.616427,공영,봉화산역(남),노외,09:00,22:00,09:00,22:00
167,102.0,10,,0.7235927112558483,,신내2동,,0,,,중랑구,127.09262162700001,31.0,3,5.0,150.0,요일제,유료,평일+토요일,37.607076780199996,공영,봉수대,노외,00:00,00:00,08:00,17:00
168,57.0,10,,1.0537351095510954,,면목본동,,0,,,중랑구,127.091943773,26.0,4,5.0,100.0,요일제,유료,평일+토요일+공휴일,37.5900161494,공영,동원시장,노외,00:00,00:00,00:00,00:00
169,32.0,10,,0.8542982712452678,,면목3.8동,,0,,,중랑구,127.09640007799999,72.0,4,5.0,100.0,요일제,유료,평일+토요일+공휴일,37.5898179798,공영,늘봄,노외,00:00,00:00,00:00,00:00
170,41.0,10,,0.8542982712452678,,면목3.8동,,0,,,중랑구,127.086967859,90.0,4,5.0,100.0,요일제,유료,평일+토요일+공휴일,37.5835075461,공영,까치공원,노외,00:00,00:00,00:00,00:00
171,36.0,10,,1.042362394826084,,망우본동,,0,,,중랑구,127.10159040299999,208.0,4,5.0,100.0,요일제,유료,평일+토요일+공휴일,37.5998686891,공영,금란,노외,00:00,00:00,00:00,00:00
