,Unnamed: 0,일자,지점번호,방향,시간,교통량
4648,4648,20190201,D-03,금호역->약수역,0,650.0
4676,4676,20190201,D-03,약수역->금호역,0,816.0
12208,12208,20190201,D-03,금호역->약수역,1,563.0
12236,12236,20190201,D-03,약수역->금호역,1,656.0
19768,19768,20190201,D-03,금호역->약수역,2,441.0
19796,19796,20190201,D-03,약수역->금호역,2,558.0
27328,27328,20190201,D-03,금호역->약수역,3,386.0
27356,27356,20190201,D-03,약수역->금호역,3,435.0
34888,34888,20190201,D-03,금호역->약수역,4,378.0
34916,34916,20190201,D-03,약수역->금호역,4,424.0
42448,42448,20190201,D-03,금호역->약수역,5,556.0
42476,42476,20190201,D-03,약수역->금호역,5,559.0
50008,50008,20190201,D-03,금호역->약수역,6,1054.0
50036,50036,20190201,D-03,약수역->금호역,6,790.0
57568,57568,20190201,D-03,금호역->약수역,7,1929.0
57596,57596,20190201,D-03,약수역->금호역,7,1725.0
65128,65128,20190201,D-03,금호역->약수역,8,2228.0
65156,65156,20190201,D-03,약수역->금호역,8,1985.0
72688,72688,20190201,D-03,금호역->약수역,9,2150.0
72716,72716,20190201,D-03,약수역->금호역,9,1972.0
80248,80248,20190201,D-03,금호역->약수역,10,1953.0
80276,80276,20190201,D-03,약수역->금호역,10,1893.0
87808,87808,20190201,D-03,금호역->약수역,11,2034.0
87836,87836,20190201,D-03,약수역->금호역,11,1665.0
95368,95368,20190201,D-03,금호역->약수역,12,1861.0
95396,95396,20190201,D-03,약수역->금호역,12,1907.0
102928,102928,20190201,D-03,금호역->약수역,13,1835.0
102956,102956,20190201,D-03,약수역->금호역,13,1977.0
110488,110488,20190201,D-03,금호역->약수역,14,1861.0
110516,110516,20190201,D-03,약수역->금호역,14,2176.0
118048,118048,20190201,D-03,금호역->약수역,15,1765.0
118076,118076,20190201,D-03,약수역->금호역,15,1578.0
125608,125608,20190201,D-03,금호역->약수역,16,1566.0
125636,125636,20190201,D-03,약수역->금호역,16,1670.0
133168,133168,20190201,D-03,금호역->약수역,17,1589.0
133196,133196,20190201,D-03,약수역->금호역,17,1653.0
140728,140728,20190201,D-03,금호역->약수역,18,1686.0
140756,140756,20190201,D-03,약수역->금호역,18,1794.0
148288,148288,20190201,D-03,금호역->약수역,19,1569.0
148316,148316,20190201,D-03,약수역->금호역,19,1528.0
155848,155848,20190201,D-03,금호역->약수역,20,1459.0
155876,155876,20190201,D-03,약수역->금호역,20,1426.0
163408,163408,20190201,D-03,금호역->약수역,21,1228.0
163436,163436,20190201,D-03,약수역->금호역,21,1528.0
170968,170968,20190201,D-03,금호역->약수역,22,1251.0
170996,170996,20190201,D-03,약수역->금호역,22,1325.0
178528,178528,20190201,D-03,금호역->약수역,23,958.0
178556,178556,20190201,D-03,약수역->금호역,23,1148.0
4649,4649,20190202,D-03,금호역->약수역,0,765.0
4677,4677,20190202,D-03,약수역->금호역,0,982.0
12209,12209,20190202,D-03,금호역->약수역,1,567.0
12237,12237,20190202,D-03,약수역->금호역,1,774.0
19769,19769,20190202,D-03,금호역->약수역,2,418.0
19797,19797,20190202,D-03,약수역->금호역,2,648.0
27329,27329,20190202,D-03,금호역->약수역,3,380.0
27357,27357,20190202,D-03,약수역->금호역,3,479.0
34889,34889,20190202,D-03,금호역->약수역,4,403.0
34917,34917,20190202,D-03,약수역->금호역,4,431.0
42449,42449,20190202,D-03,금호역->약수역,5,424.0
42477,42477,20190202,D-03,약수역->금호역,5,513.0
50009,50009,20190202,D-03,금호역->약수역,6,584.0
50037,50037,20190202,D-03,약수역->금호역,6,516.0
57569,57569,20190202,D-03,금호역->약수역,7,820.0
57597,57597,20190202,D-03,약수역->금호역,7,753.0
65129,65129,20190202,D-03,금호역->약수역,8,1140.0
65157,65157,20190202,D-03,약수역->금호역,8,956.0
72689,72689,20190202,D-03,금호역->약수역,9,1466.0
72717,72717,20190202,D-03,약수역->금호역,9,1358.0
80249,80249,20190202,D-03,금호역->약수역,10,1713.0
80277,80277,20190202,D-03,약수역->금호역,10,1473.0
87809,87809,20190202,D-03,금호역->약수역,11,1701.0
87837,87837,20190202,D-03,약수역->금호역,11,1469.0
95369,95369,20190202,D-03,금호역->약수역,12,1731.0
95397,95397,20190202,D-03,약수역->금호역,12,1571.0
102929,102929,20190202,D-03,금호역->약수역,13,1765.0
102957,102957,20190202,D-03,약수역->금호역,13,1718.0
110489,110489,20190202,D-03,금호역->약수역,14,1823.0
110517,110517,20190202,D-03,약수역->금호역,14,1635.0
118049,118049,20190202,D-03,금호역->약수역,15,1721.0
118077,118077,20190202,D-03,약수역->금호역,15,1562.0
125609,125609,20190202,D-03,금호역->약수역,16,1663.0
125637,125637,20190202,D-03,약수역->금호역,16,1599.0
133169,133169,20190202,D-03,금호역->약수역,17,1638.0
133197,133197,20190202,D-03,약수역->금호역,17,1587.0
140729,140729,20190202,D-03,금호역->약수역,18,1427.0
140757,140757,20190202,D-03,약수역->금호역,18,1517.0
148289,148289,20190202,D-03,금호역->약수역,19,1178.0
148317,148317,20190202,D-03,약수역->금호역,19,1407.0
155849,155849,20190202,D-03,금호역->약수역,20,983.0
155877,155877,20190202,D-03,약수역->금호역,20,1281.0
163409,163409,20190202,D-03,금호역->약수역,21,929.0
163437,163437,20190202,D-03,약수역->금호역,21,1270.0
170969,170969,20190202,D-03,금호역->약수역,22,860.0
170997,170997,20190202,D-03,약수역->금호역,22,1106.0
178529,178529,20190202,D-03,금호역->약수역,23,696.0
178557,178557,20190202,D-03,약수역->금호역,23,863.0
4650,4650,20190203,D-03,금호역->약수역,0,514.0
4678,4678,20190203,D-03,약수역->금호역,0,682.0
12210,12210,20190203,D-03,금호역->약수역,1,408.0
12238,12238,20190203,D-03,약수역->금호역,1,465.0
19770,19770,20190203,D-03,금호역->약수역,2,331.0
19798,19798,20190203,D-03,약수역->금호역,2,388.0
27330,27330,20190203,D-03,금호역->약수역,3,248.0
27358,27358,20190203,D-03,약수역->금호역,3,268.0
34890,34890,20190203,D-03,금호역->약수역,4,222.0
34918,34918,20190203,D-03,약수역->금호역,4,204.0
42450,42450,20190203,D-03,금호역->약수역,5,245.0
42478,42478,20190203,D-03,약수역->금호역,5,265.0
50010,50010,20190203,D-03,금호역->약수역,6,336.0
50038,50038,20190203,D-03,약수역->금호역,6,325.0
57570,57570,20190203,D-03,금호역->약수역,7,504.0
57598,57598,20190203,D-03,약수역->금호역,7,378.0
65130,65130,20190203,D-03,금호역->약수역,8,751.0
65158,65158,20190203,D-03,약수역->금호역,8,644.0
72690,72690,20190203,D-03,금호역->약수역,9,1074.0
72718,72718,20190203,D-03,약수역->금호역,9,881.0
80250,80250,20190203,D-03,금호역->약수역,10,1356.0
80278,80278,20190203,D-03,약수역->금호역,10,1037.0
87810,87810,20190203,D-03,금호역->약수역,11,1353.0
87838,87838,20190203,D-03,약수역->금호역,11,1191.0
95370,95370,20190203,D-03,금호역->약수역,12,1329.0
95398,95398,20190203,D-03,약수역->금호역,12,1364.0
102930,102930,20190203,D-03,금호역->약수역,13,1444.0
102958,102958,20190203,D-03,약수역->금호역,13,1583.0
110490,110490,20190203,D-03,금호역->약수역,14,1494.0
110518,110518,20190203,D-03,약수역->금호역,14,1528.0
118050,118050,20190203,D-03,금호역->약수역,15,1322.0
118078,118078,20190203,D-03,약수역->금호역,15,1404.0
125610,125610,20190203,D-03,금호역->약수역,16,1386.0
125638,125638,20190203,D-03,약수역->금호역,16,1422.0
133170,133170,20190203,D-03,금호역->약수역,17,1243.0
133198,133198,20190203,D-03,약수역->금호역,17,1285.0
140730,140730,20190203,D-03,금호역->약수역,18,1066.0
140758,140758,20190203,D-03,약수역->금호역,18,1133.0
148290,148290,20190203,D-03,금호역->약수역,19,969.0
148318,148318,20190203,D-03,약수역->금호역,19,1040.0
155850,155850,20190203,D-03,금호역->약수역,20,816.0
155878,155878,20190203,D-03,약수역->금호역,20,1007.0
163410,163410,20190203,D-03,금호역->약수역,21,710.0
163438,163438,20190203,D-03,약수역->금호역,21,899.0
170970,170970,20190203,D-03,금호역->약수역,22,603.0
170998,170998,20190203,D-03,약수역->금호역,22,832.0
178530,178530,20190203,D-03,금호역->약수역,23,495.0
178558,178558,20190203,D-03,약수역->금호역,23,631.0
4651,4651,20190204,D-03,금호역->약수역,0,417.0
4679,4679,20190204,D-03,약수역->금호역,0,488.0
12211,12211,20190204,D-03,금호역->약수역,1,320.0
12239,12239,20190204,D-03,약수역->금호역,1,359.0
19771,19771,20190204,D-03,금호역->약수역,2,257.0
19799,19799,20190204,D-03,약수역->금호역,2,257.0
27331,27331,20190204,D-03,금호역->약수역,3,184.0
27359,27359,20190204,D-03,약수역->금호역,3,196.0
34891,34891,20190204,D-03,금호역->약수역,4,184.0
34919,34919,20190204,D-03,약수역->금호역,4,197.0
42451,42451,20190204,D-03,금호역->약수역,5,205.0
42479,42479,20190204,D-03,약수역->금호역,5,235.0
50011,50011,20190204,D-03,금호역->약수역,6,264.0
50039,50039,20190204,D-03,약수역->금호역,6,281.0
57571,57571,20190204,D-03,금호역->약수역,7,384.0
57599,57599,20190204,D-03,약수역->금호역,7,412.0
65131,65131,20190204,D-03,금호역->약수역,8,576.0
65159,65159,20190204,D-03,약수역->금호역,8,549.0
72691,72691,20190204,D-03,금호역->약수역,9,752.0
72719,72719,20190204,D-03,약수역->금호역,9,727.0
80251,80251,20190204,D-03,금호역->약수역,10,1029.0
80279,80279,20190204,D-03,약수역->금호역,10,964.0
87811,87811,20190204,D-03,금호역->약수역,11,1397.0
87839,87839,20190204,D-03,약수역->금호역,11,963.0
95371,95371,20190204,D-03,금호역->약수역,12,1461.0
95399,95399,20190204,D-03,약수역->금호역,12,1084.0
102931,102931,20190204,D-03,금호역->약수역,13,1400.0
102959,102959,20190204,D-03,약수역->금호역,13,1157.0
110491,110491,20190204,D-03,금호역->약수역,14,1429.0
110519,110519,20190204,D-03,약수역->금호역,14,1165.0
118051,118051,20190204,D-03,금호역->약수역,15,1256.0
118079,118079,20190204,D-03,약수역->금호역,15,1304.0
125611,125611,20190204,D-03,금호역->약수역,16,1275.0
125639,125639,20190204,D-03,약수역->금호역,16,1175.0
133171,133171,20190204,D-03,금호역->약수역,17,1067.0
133199,133199,20190204,D-03,약수역->금호역,17,1286.0
140731,140731,20190204,D-03,금호역->약수역,18,1003.0
140759,140759,20190204,D-03,약수역->금호역,18,1155.0
148291,148291,20190204,D-03,금호역->약수역,19,867.0
148319,148319,20190204,D-03,약수역->금호역,19,982.0
155851,155851,20190204,D-03,금호역->약수역,20,803.0
155879,155879,20190204,D-03,약수역->금호역,20,977.0
163411,163411,20190204,D-03,금호역->약수역,21,681.0
163439,163439,20190204,D-03,약수역->금호역,21,798.0
170971,170971,20190204,D-03,금호역->약수역,22,596.0
170999,170999,20190204,D-03,약수역->금호역,22,732.0
178531,178531,20190204,D-03,금호역->약수역,23,432.0
178559,178559,20190204,D-03,약수역->금호역,23,551.0
4652,4652,20190205,D-03,금호역->약수역,0,355.0
4680,4680,20190205,D-03,약수역->금호역,0,401.0
12212,12212,20190205,D-03,금호역->약수역,1,250.0
12240,12240,20190205,D-03,약수역->금호역,1,232.0
19772,19772,20190205,D-03,금호역->약수역,2,175.0
19800,19800,20190205,D-03,약수역->금호역,2,187.0
27332,27332,20190205,D-03,금호역->약수역,3,154.0
27360,27360,20190205,D-03,약수역->금호역,3,152.0
34892,34892,20190205,D-03,금호역->약수역,4,172.0
34920,34920,20190205,D-03,약수역->금호역,4,116.0
42452,42452,20190205,D-03,금호역->약수역,5,189.0
42480,42480,20190205,D-03,약수역->금호역,5,225.0
50012,50012,20190205,D-03,금호역->약수역,6,344.0
50040,50040,20190205,D-03,약수역->금호역,6,354.0
57572,57572,20190205,D-03,금호역->약수역,7,679.0
57600,57600,20190205,D-03,약수역->금호역,7,598.0
65132,65132,20190205,D-03,금호역->약수역,8,1035.0
65160,65160,20190205,D-03,약수역->금호역,8,762.0
72692,72692,20190205,D-03,금호역->약수역,9,813.0
72720,72720,20190205,D-03,약수역->금호역,9,785.0
80252,80252,20190205,D-03,금호역->약수역,10,881.0
80280,80280,20190205,D-03,약수역->금호역,10,1051.0
87812,87812,20190205,D-03,금호역->약수역,11,1330.0
87840,87840,20190205,D-03,약수역->금호역,11,1493.0
95372,95372,20190205,D-03,금호역->약수역,12,1685.0
95400,95400,20190205,D-03,약수역->금호역,12,1606.0
102932,102932,20190205,D-03,금호역->약수역,13,1701.0
102960,102960,20190205,D-03,약수역->금호역,13,1556.0
110492,110492,20190205,D-03,금호역->약수역,14,1688.0
110520,110520,20190205,D-03,약수역->금호역,14,1668.0
118052,118052,20190205,D-03,금호역->약수역,15,1562.0
118080,118080,20190205,D-03,약수역->금호역,15,1492.0
125612,125612,20190205,D-03,금호역->약수역,16,1608.0
125640,125640,20190205,D-03,약수역->금호역,16,1696.0
133172,133172,20190205,D-03,금호역->약수역,17,1436.0
133200,133200,20190205,D-03,약수역->금호역,17,1678.0
140732,140732,20190205,D-03,금호역->약수역,18,1310.0
140760,140760,20190205,D-03,약수역->금호역,18,1178.0
148292,148292,20190205,D-03,금호역->약수역,19,1114.0
148320,148320,20190205,D-03,약수역->금호역,19,1076.0
155852,155852,20190205,D-03,금호역->약수역,20,953.0
155880,155880,20190205,D-03,약수역->금호역,20,1028.0
163412,163412,20190205,D-03,금호역->약수역,21,915.0
163440,163440,20190205,D-03,약수역->금호역,21,999.0
170972,170972,20190205,D-03,금호역->약수역,22,823.0
171000,171000,20190205,D-03,약수역->금호역,22,773.0
178532,178532,20190205,D-03,금호역->약수역,23,585.0
178560,178560,20190205,D-03,약수역->금호역,23,584.0
4653,4653,20190206,D-03,금호역->약수역,0,413.0
4681,4681,20190206,D-03,약수역->금호역,0,421.0
12213,12213,20190206,D-03,금호역->약수역,1,318.0
12241,12241,20190206,D-03,약수역->금호역,1,300.0
19773,19773,20190206,D-03,금호역->약수역,2,247.0
19801,19801,20190206,D-03,약수역->금호역,2,213.0
27333,27333,20190206,D-03,금호역->약수역,3,167.0
27361,27361,20190206,D-03,약수역->금호역,3,161.0
34893,34893,20190206,D-03,금호역->약수역,4,144.0
34921,34921,20190206,D-03,약수역->금호역,4,129.0
42453,42453,20190206,D-03,금호역->약수역,5,189.0
42481,42481,20190206,D-03,약수역->금호역,5,166.0
50013,50013,20190206,D-03,금호역->약수역,6,217.0
50041,50041,20190206,D-03,약수역->금호역,6,234.0
57573,57573,20190206,D-03,금호역->약수역,7,342.0
57601,57601,20190206,D-03,약수역->금호역,7,281.0
65133,65133,20190206,D-03,금호역->약수역,8,510.0
65161,65161,20190206,D-03,약수역->금호역,8,439.0
72693,72693,20190206,D-03,금호역->약수역,9,719.0
72721,72721,20190206,D-03,약수역->금호역,9,587.0
80253,80253,20190206,D-03,금호역->약수역,10,944.0
80281,80281,20190206,D-03,약수역->금호역,10,773.0
87813,87813,20190206,D-03,금호역->약수역,11,1306.0
87841,87841,20190206,D-03,약수역->금호역,11,1010.0
95373,95373,20190206,D-03,금호역->약수역,12,1472.0
95401,95401,20190206,D-03,약수역->금호역,12,1071.0
102933,102933,20190206,D-03,금호역->약수역,13,1596.0
102961,102961,20190206,D-03,약수역->금호역,13,1125.0
110493,110493,20190206,D-03,금호역->약수역,14,1414.0
110521,110521,20190206,D-03,약수역->금호역,14,1309.0
118053,118053,20190206,D-03,금호역->약수역,15,1348.0
118081,118081,20190206,D-03,약수역->금호역,15,1409.0
125613,125613,20190206,D-03,금호역->약수역,16,1325.0
125641,125641,20190206,D-03,약수역->금호역,16,1438.0
133173,133173,20190206,D-03,금호역->약수역,17,1277.0
133201,133201,20190206,D-03,약수역->금호역,17,1364.0
140733,140733,20190206,D-03,금호역->약수역,18,1175.0
140761,140761,20190206,D-03,약수역->금호역,18,1238.0
148293,148293,20190206,D-03,금호역->약수역,19,945.0
148321,148321,20190206,D-03,약수역->금호역,19,1154.0
155853,155853,20190206,D-03,금호역->약수역,20,830.0
155881,155881,20190206,D-03,약수역->금호역,20,1186.0
163413,163413,20190206,D-03,금호역->약수역,21,821.0
163441,163441,20190206,D-03,약수역->금호역,21,1024.0
170973,170973,20190206,D-03,금호역->약수역,22,713.0
171001,171001,20190206,D-03,약수역->금호역,22,876.0
178533,178533,20190206,D-03,금호역->약수역,23,549.0
178561,178561,20190206,D-03,약수역->금호역,23,617.0
4654,4654,20190207,D-03,금호역->약수역,0,403.0
4682,4682,20190207,D-03,약수역->금호역,0,447.0
12214,12214,20190207,D-03,금호역->약수역,1,332.0
12242,12242,20190207,D-03,약수역->금호역,1,307.0
19774,19774,20190207,D-03,금호역->약수역,2,227.0
19802,19802,20190207,D-03,약수역->금호역,2,225.0
27334,27334,20190207,D-03,금호역->약수역,3,206.0
27362,27362,20190207,D-03,약수역->금호역,3,183.0
34894,34894,20190207,D-03,금호역->약수역,4,183.0
34922,34922,20190207,D-03,약수역->금호역,4,198.0
42454,42454,20190207,D-03,금호역->약수역,5,370.0
42482,42482,20190207,D-03,약수역->금호역,5,331.0
50014,50014,20190207,D-03,금호역->약수역,6,963.0
50042,50042,20190207,D-03,약수역->금호역,6,630.0
57574,57574,20190207,D-03,금호역->약수역,7,2058.0
57602,57602,20190207,D-03,약수역->금호역,7,1615.0
65134,65134,20190207,D-03,금호역->약수역,8,2225.0
65162,65162,20190207,D-03,약수역->금호역,8,1813.0
72694,72694,20190207,D-03,금호역->약수역,9,1862.0
72722,72722,20190207,D-03,약수역->금호역,9,1695.0
80254,80254,20190207,D-03,금호역->약수역,10,1962.0
80282,80282,20190207,D-03,약수역->금호역,10,1626.0
87814,87814,20190207,D-03,금호역->약수역,11,1959.0
87842,87842,20190207,D-03,약수역->금호역,11,1578.0
95374,95374,20190207,D-03,금호역->약수역,12,1704.0
95402,95402,20190207,D-03,약수역->금호역,12,1538.0
102934,102934,20190207,D-03,금호역->약수역,13,1745.0
102962,102962,20190207,D-03,약수역->금호역,13,1792.0
110494,110494,20190207,D-03,금호역->약수역,14,1566.0
110522,110522,20190207,D-03,약수역->금호역,14,1867.0
118054,118054,20190207,D-03,금호역->약수역,15,1688.0
118082,118082,20190207,D-03,약수역->금호역,15,1930.0
125614,125614,20190207,D-03,금호역->약수역,16,1698.0
125642,125642,20190207,D-03,약수역->금호역,16,1912.0
133174,133174,20190207,D-03,금호역->약수역,17,1777.0
133202,133202,20190207,D-03,약수역->금호역,17,1932.0
140734,140734,20190207,D-03,금호역->약수역,18,1644.0
140762,140762,20190207,D-03,약수역->금호역,18,1889.0
148294,148294,20190207,D-03,금호역->약수역,19,1471.0
148322,148322,20190207,D-03,약수역->금호역,19,1639.0
155854,155854,20190207,D-03,금호역->약수역,20,1234.0
155882,155882,20190207,D-03,약수역->금호역,20,1496.0
163414,163414,20190207,D-03,금호역->약수역,21,1148.0
163442,163442,20190207,D-03,약수역->금호역,21,1422.0
170974,170974,20190207,D-03,금호역->약수역,22,1062.0
171002,171002,20190207,D-03,약수역->금호역,22,1184.0
178534,178534,20190207,D-03,금호역->약수역,23,828.0
178562,178562,20190207,D-03,약수역->금호역,23,997.0
4655,4655,20190208,D-03,금호역->약수역,0,607.0
4683,4683,20190208,D-03,약수역->금호역,0,784.0
12215,12215,20190208,D-03,금호역->약수역,1,562.0
12243,12243,20190208,D-03,약수역->금호역,1,585.0
19775,19775,20190208,D-03,금호역->약수역,2,398.0
19803,19803,20190208,D-03,약수역->금호역,2,483.0
27335,27335,20190208,D-03,금호역->약수역,3,326.0
27363,27363,20190208,D-03,약수역->금호역,3,396.0
34895,34895,20190208,D-03,금호역->약수역,4,376.0
34923,34923,20190208,D-03,약수역->금호역,4,359.0
42455,42455,20190208,D-03,금호역->약수역,5,502.0
42483,42483,20190208,D-03,약수역->금호역,5,502.0
50015,50015,20190208,D-03,금호역->약수역,6,1015.0
50043,50043,20190208,D-03,약수역->금호역,6,722.0
57575,57575,20190208,D-03,금호역->약수역,7,2030.0
57603,57603,20190208,D-03,약수역->금호역,7,1710.0
65135,65135,20190208,D-03,금호역->약수역,8,2309.0
65163,65163,20190208,D-03,약수역->금호역,8,1970.0
72695,72695,20190208,D-03,금호역->약수역,9,2051.0
72723,72723,20190208,D-03,약수역->금호역,9,1761.0
80255,80255,20190208,D-03,금호역->약수역,10,2028.0
80283,80283,20190208,D-03,약수역->금호역,10,1836.0
87815,87815,20190208,D-03,금호역->약수역,11,2039.0
87843,87843,20190208,D-03,약수역->금호역,11,1758.0
95375,95375,20190208,D-03,금호역->약수역,12,1883.0
95403,95403,20190208,D-03,약수역->금호역,12,1789.0
102935,102935,20190208,D-03,금호역->약수역,13,1919.0
102963,102963,20190208,D-03,약수역->금호역,13,2023.0
110495,110495,20190208,D-03,금호역->약수역,14,1896.0
110523,110523,20190208,D-03,약수역->금호역,14,1648.0
118055,118055,20190208,D-03,금호역->약수역,15,1758.0
118083,118083,20190208,D-03,약수역->금호역,15,1791.0
125615,125615,20190208,D-03,금호역->약수역,16,1758.0
125643,125643,20190208,D-03,약수역->금호역,16,1832.0
133175,133175,20190208,D-03,금호역->약수역,17,1813.0
133203,133203,20190208,D-03,약수역->금호역,17,1942.0
140735,140735,20190208,D-03,금호역->약수역,18,1754.0
140763,140763,20190208,D-03,약수역->금호역,18,2081.0
148295,148295,20190208,D-03,금호역->약수역,19,1737.0
148323,148323,20190208,D-03,약수역->금호역,19,1883.0
155855,155855,20190208,D-03,금호역->약수역,20,1508.0
155883,155883,20190208,D-03,약수역->금호역,20,1653.0
163415,163415,20190208,D-03,금호역->약수역,21,1258.0
163443,163443,20190208,D-03,약수역->금호역,21,1529.0
170975,170975,20190208,D-03,금호역->약수역,22,1261.0
171003,171003,20190208,D-03,약수역->금호역,22,1369.0
178535,178535,20190208,D-03,금호역->약수역,23,1081.0
178563,178563,20190208,D-03,약수역->금호역,23,1100.0
4656,4656,20190209,D-03,금호역->약수역,0,754.0
4684,4684,20190209,D-03,약수역->금호역,0,932.0
12216,12216,20190209,D-03,금호역->약수역,1,562.0
12244,12244,20190209,D-03,약수역->금호역,1,760.0
19776,19776,20190209,D-03,금호역->약수역,2,431.0
19804,19804,20190209,D-03,약수역->금호역,2,605.0
27336,27336,20190209,D-03,금호역->약수역,3,359.0
27364,27364,20190209,D-03,약수역->금호역,3,480.0
34896,34896,20190209,D-03,금호역->약수역,4,381.0
34924,34924,20190209,D-03,약수역->금호역,4,462.0
42456,42456,20190209,D-03,금호역->약수역,5,452.0
42484,42484,20190209,D-03,약수역->금호역,5,552.0
50016,50016,20190209,D-03,금호역->약수역,6,652.0
50044,50044,20190209,D-03,약수역->금호역,6,622.0
57576,57576,20190209,D-03,금호역->약수역,7,877.0
57604,57604,20190209,D-03,약수역->금호역,7,720.0
65136,65136,20190209,D-03,금호역->약수역,8,1395.0
65164,65164,20190209,D-03,약수역->금호역,8,1119.0
72696,72696,20190209,D-03,금호역->약수역,9,1734.0
72724,72724,20190209,D-03,약수역->금호역,9,1502.0
80256,80256,20190209,D-03,금호역->약수역,10,1848.0
80284,80284,20190209,D-03,약수역->금호역,10,1577.0
87816,87816,20190209,D-03,금호역->약수역,11,1905.0
87844,87844,20190209,D-03,약수역->금호역,11,1617.0
95376,95376,20190209,D-03,금호역->약수역,12,1951.0
95404,95404,20190209,D-03,약수역->금호역,12,1876.0
102936,102936,20190209,D-03,금호역->약수역,13,1818.0
102964,102964,20190209,D-03,약수역->금호역,13,1872.0
110496,110496,20190209,D-03,금호역->약수역,14,1818.0
110524,110524,20190209,D-03,약수역->금호역,14,1915.0
118056,118056,20190209,D-03,금호역->약수역,15,1847.0
118084,118084,20190209,D-03,약수역->금호역,15,1845.0
125616,125616,20190209,D-03,금호역->약수역,16,1745.0
125644,125644,20190209,D-03,약수역->금호역,16,1828.0
133176,133176,20190209,D-03,금호역->약수역,17,1793.0
133204,133204,20190209,D-03,약수역->금호역,17,2008.0
140736,140736,20190209,D-03,금호역->약수역,18,1687.0
140764,140764,20190209,D-03,약수역->금호역,18,1637.0
148296,148296,20190209,D-03,금호역->약수역,19,1374.0
148324,148324,20190209,D-03,약수역->금호역,19,1304.0
155856,155856,20190209,D-03,금호역->약수역,20,1061.0
155884,155884,20190209,D-03,약수역->금호역,20,1463.0
163416,163416,20190209,D-03,금호역->약수역,21,1088.0
163444,163444,20190209,D-03,약수역->금호역,21,1342.0
170976,170976,20190209,D-03,금호역->약수역,22,1055.0
171004,171004,20190209,D-03,약수역->금호역,22,1206.0
178536,178536,20190209,D-03,금호역->약수역,23,828.0
178564,178564,20190209,D-03,약수역->금호역,23,918.0
4657,4657,20190210,D-03,금호역->약수역,0,619.0
4685,4685,20190210,D-03,약수역->금호역,0,758.0
12217,12217,20190210,D-03,금호역->약수역,1,436.0
12245,12245,20190210,D-03,약수역->금호역,1,561.0
19777,19777,20190210,D-03,금호역->약수역,2,387.0
19805,19805,20190210,D-03,약수역->금호역,2,374.0
27337,27337,20190210,D-03,금호역->약수역,3,294.0
27365,27365,20190210,D-03,약수역->금호역,3,285.0
34897,34897,20190210,D-03,금호역->약수역,4,227.0
34925,34925,20190210,D-03,약수역->금호역,4,199.0
42457,42457,20190210,D-03,금호역->약수역,5,265.0
42485,42485,20190210,D-03,약수역->금호역,5,251.0
50017,50017,20190210,D-03,금호역->약수역,6,449.0
50045,50045,20190210,D-03,약수역->금호역,6,325.0
57577,57577,20190210,D-03,금호역->약수역,7,599.0
57605,57605,20190210,D-03,약수역->금호역,7,454.0
65137,65137,20190210,D-03,금호역->약수역,8,1045.0
65165,65165,20190210,D-03,약수역->금호역,8,744.0
72697,72697,20190210,D-03,금호역->약수역,9,1292.0
72725,72725,20190210,D-03,약수역->금호역,9,975.0
80257,80257,20190210,D-03,금호역->약수역,10,1676.0
80285,80285,20190210,D-03,약수역->금호역,10,1228.0
87817,87817,20190210,D-03,금호역->약수역,11,1796.0
87845,87845,20190210,D-03,약수역->금호역,11,1194.0
95377,95377,20190210,D-03,금호역->약수역,12,1576.0
95405,95405,20190210,D-03,약수역->금호역,12,1391.0
102937,102937,20190210,D-03,금호역->약수역,13,1707.0
102965,102965,20190210,D-03,약수역->금호역,13,1717.0
110497,110497,20190210,D-03,금호역->약수역,14,1852.0
110525,110525,20190210,D-03,약수역->금호역,14,1717.0
118057,118057,20190210,D-03,금호역->약수역,15,1657.0
118085,118085,20190210,D-03,약수역->금호역,15,1791.0
125617,125617,20190210,D-03,금호역->약수역,16,1603.0
125645,125645,20190210,D-03,약수역->금호역,16,1806.0
133177,133177,20190210,D-03,금호역->약수역,17,1570.0
133205,133205,20190210,D-03,약수역->금호역,17,1589.0
140737,140737,20190210,D-03,금호역->약수역,18,1356.0
140765,140765,20190210,D-03,약수역->금호역,18,1416.0
148297,148297,20190210,D-03,금호역->약수역,19,1142.0
148325,148325,20190210,D-03,약수역->금호역,19,1306.0
155857,155857,20190210,D-03,금호역->약수역,20,1123.0
155885,155885,20190210,D-03,약수역->금호역,20,1208.0
163417,163417,20190210,D-03,금호역->약수역,21,1034.0
163445,163445,20190210,D-03,약수역->금호역,21,1093.0
170977,170977,20190210,D-03,금호역->약수역,22,867.0
171005,171005,20190210,D-03,약수역->금호역,22,860.0
178537,178537,20190210,D-03,금호역->약수역,23,653.0
178565,178565,20190210,D-03,약수역->금호역,23,697.0
4658,4658,20190211,D-03,금호역->약수역,0,502.0
4686,4686,20190211,D-03,약수역->금호역,0,565.0
12218,12218,20190211,D-03,금호역->약수역,1,385.0
12246,12246,20190211,D-03,약수역->금호역,1,444.0
19778,19778,20190211,D-03,금호역->약수역,2,293.0
19806,19806,20190211,D-03,약수역->금호역,2,336.0
27338,27338,20190211,D-03,금호역->약수역,3,237.0
27366,27366,20190211,D-03,약수역->금호역,3,293.0
34898,34898,20190211,D-03,금호역->약수역,4,337.0
34926,34926,20190211,D-03,약수역->금호역,4,353.0
42458,42458,20190211,D-03,금호역->약수역,5,489.0
42486,42486,20190211,D-03,약수역->금호역,5,491.0
50018,50018,20190211,D-03,금호역->약수역,6,1163.0
50046,50046,20190211,D-03,약수역->금호역,6,831.0
57578,57578,20190211,D-03,금호역->약수역,7,2062.0
57606,57606,20190211,D-03,약수역->금호역,7,1882.0
65138,65138,20190211,D-03,금호역->약수역,8,2336.0
65166,65166,20190211,D-03,약수역->금호역,8,1887.0
72698,72698,20190211,D-03,금호역->약수역,9,2106.0
72726,72726,20190211,D-03,약수역->금호역,9,1684.0
80258,80258,20190211,D-03,금호역->약수역,10,2059.0
80286,80286,20190211,D-03,약수역->금호역,10,1835.0
87818,87818,20190211,D-03,금호역->약수역,11,2042.0
87846,87846,20190211,D-03,약수역->금호역,11,1949.0
95378,95378,20190211,D-03,금호역->약수역,12,1869.0
95406,95406,20190211,D-03,약수역->금호역,12,1739.0
102938,102938,20190211,D-03,금호역->약수역,13,1882.0
102966,102966,20190211,D-03,약수역->금호역,13,2005.0
110498,110498,20190211,D-03,금호역->약수역,14,1879.0
110526,110526,20190211,D-03,약수역->금호역,14,2001.0
118058,118058,20190211,D-03,금호역->약수역,15,1872.0
118086,118086,20190211,D-03,약수역->금호역,15,2100.0
125618,125618,20190211,D-03,금호역->약수역,16,1853.0
125646,125646,20190211,D-03,약수역->금호역,16,2036.0
133178,133178,20190211,D-03,금호역->약수역,17,1807.0
133206,133206,20190211,D-03,약수역->금호역,17,2010.0
140738,140738,20190211,D-03,금호역->약수역,18,1614.0
140766,140766,20190211,D-03,약수역->금호역,18,2078.0
148298,148298,20190211,D-03,금호역->약수역,19,1486.0
148326,148326,20190211,D-03,약수역->금호역,19,1767.0
155858,155858,20190211,D-03,금호역->약수역,20,1386.0
155886,155886,20190211,D-03,약수역->금호역,20,1659.0
163418,163418,20190211,D-03,금호역->약수역,21,1247.0
163446,163446,20190211,D-03,약수역->금호역,21,1549.0
170978,170978,20190211,D-03,금호역->약수역,22,1080.0
171006,171006,20190211,D-03,약수역->금호역,22,1215.0
178538,178538,20190211,D-03,금호역->약수역,23,790.0
178566,178566,20190211,D-03,약수역->금호역,23,947.0
4659,4659,20190212,D-03,금호역->약수역,0,601.0
4687,4687,20190212,D-03,약수역->금호역,0,788.0
12219,12219,20190212,D-03,금호역->약수역,1,518.0
12247,12247,20190212,D-03,약수역->금호역,1,597.0
19779,19779,20190212,D-03,금호역->약수역,2,423.0
19807,19807,20190212,D-03,약수역->금호역,2,485.0
27339,27339,20190212,D-03,금호역->약수역,3,351.0
27367,27367,20190212,D-03,약수역->금호역,3,403.0
34899,34899,20190212,D-03,금호역->약수역,4,366.0
34927,34927,20190212,D-03,약수역->금호역,4,369.0
42459,42459,20190212,D-03,금호역->약수역,5,544.0
42487,42487,20190212,D-03,약수역->금호역,5,536.0
50019,50019,20190212,D-03,금호역->약수역,6,1091.0
50047,50047,20190212,D-03,약수역->금호역,6,772.0
57579,57579,20190212,D-03,금호역->약수역,7,2107.0
57607,57607,20190212,D-03,약수역->금호역,7,1788.0
65139,65139,20190212,D-03,금호역->약수역,8,2310.0
65167,65167,20190212,D-03,약수역->금호역,8,1937.0
72699,72699,20190212,D-03,금호역->약수역,9,2009.0
72727,72727,20190212,D-03,약수역->금호역,9,1868.0
80259,80259,20190212,D-03,금호역->약수역,10,2038.0
80287,80287,20190212,D-03,약수역->금호역,10,1979.0
87819,87819,20190212,D-03,금호역->약수역,11,
87847,87847,20190212,D-03,약수역->금호역,11,
95379,95379,20190212,D-03,금호역->약수역,12,
95407,95407,20190212,D-03,약수역->금호역,12,
102939,102939,20190212,D-03,금호역->약수역,13,
102967,102967,20190212,D-03,약수역->금호역,13,
110499,110499,20190212,D-03,금호역->약수역,14,1982.0
110527,110527,20190212,D-03,약수역->금호역,14,1715.0
118059,118059,20190212,D-03,금호역->약수역,15,1957.0
118087,118087,20190212,D-03,약수역->금호역,15,2143.0
125619,125619,20190212,D-03,금호역->약수역,16,1822.0
125647,125647,20190212,D-03,약수역->금호역,16,2124.0
133179,133179,20190212,D-03,금호역->약수역,17,1782.0
133207,133207,20190212,D-03,약수역->금호역,17,2139.0
140739,140739,20190212,D-03,금호역->약수역,18,1686.0
140767,140767,20190212,D-03,약수역->금호역,18,2052.0
148299,148299,20190212,D-03,금호역->약수역,19,1555.0
148327,148327,20190212,D-03,약수역->금호역,19,1708.0
155859,155859,20190212,D-03,금호역->약수역,20,1327.0
155887,155887,20190212,D-03,약수역->금호역,20,1726.0
163419,163419,20190212,D-03,금호역->약수역,21,1241.0
163447,163447,20190212,D-03,약수역->금호역,21,1768.0
170979,170979,20190212,D-03,금호역->약수역,22,1176.0
171007,171007,20190212,D-03,약수역->금호역,22,1286.0
178539,178539,20190212,D-03,금호역->약수역,23,931.0
178567,178567,20190212,D-03,약수역->금호역,23,1028.0
4660,4660,20190213,D-03,금호역->약수역,0,628.0
4688,4688,20190213,D-03,약수역->금호역,0,771.0
12220,12220,20190213,D-03,금호역->약수역,1,504.0
12248,12248,20190213,D-03,약수역->금호역,1,644.0
19780,19780,20190213,D-03,금호역->약수역,2,434.0
19808,19808,20190213,D-03,약수역->금호역,2,516.0
27340,27340,20190213,D-03,금호역->약수역,3,389.0
27368,27368,20190213,D-03,약수역->금호역,3,390.0
34900,34900,20190213,D-03,금호역->약수역,4,401.0
34928,34928,20190213,D-03,약수역->금호역,4,425.0
42460,42460,20190213,D-03,금호역->약수역,5,506.0
42488,42488,20190213,D-03,약수역->금호역,5,540.0
50020,50020,20190213,D-03,금호역->약수역,6,1017.0
50048,50048,20190213,D-03,약수역->금호역,6,834.0
57580,57580,20190213,D-03,금호역->약수역,7,2080.0
57608,57608,20190213,D-03,약수역->금호역,7,1754.0
65140,65140,20190213,D-03,금호역->약수역,8,2300.0
65168,65168,20190213,D-03,약수역->금호역,8,1974.0
72700,72700,20190213,D-03,금호역->약수역,9,2052.0
72728,72728,20190213,D-03,약수역->금호역,9,1730.0
80260,80260,20190213,D-03,금호역->약수역,10,2027.0
80288,80288,20190213,D-03,약수역->금호역,10,1325.0
87820,87820,20190213,D-03,금호역->약수역,11,2034.0
87848,87848,20190213,D-03,약수역->금호역,11,1685.0
95380,95380,20190213,D-03,금호역->약수역,12,1917.0
95408,95408,20190213,D-03,약수역->금호역,12,1827.0
102940,102940,20190213,D-03,금호역->약수역,13,1973.0
102968,102968,20190213,D-03,약수역->금호역,13,2077.0
110500,110500,20190213,D-03,금호역->약수역,14,1909.0
110528,110528,20190213,D-03,약수역->금호역,14,2149.0
118060,118060,20190213,D-03,금호역->약수역,15,1895.0
118088,118088,20190213,D-03,약수역->금호역,15,2029.0
125620,125620,20190213,D-03,금호역->약수역,16,1799.0
125648,125648,20190213,D-03,약수역->금호역,16,1899.0
133180,133180,20190213,D-03,금호역->약수역,17,1840.0
133208,133208,20190213,D-03,약수역->금호역,17,2164.0
140740,140740,20190213,D-03,금호역->약수역,18,1796.0
140768,140768,20190213,D-03,약수역->금호역,18,2096.0
148300,148300,20190213,D-03,금호역->약수역,19,1625.0
148328,148328,20190213,D-03,약수역->금호역,19,1850.0
155860,155860,20190213,D-03,금호역->약수역,20,1397.0
155888,155888,20190213,D-03,약수역->금호역,20,1752.0
163420,163420,20190213,D-03,금호역->약수역,21,1275.0
163448,163448,20190213,D-03,약수역->금호역,21,1613.0
170980,170980,20190213,D-03,금호역->약수역,22,1116.0
171008,171008,20190213,D-03,약수역->금호역,22,1309.0
178540,178540,20190213,D-03,금호역->약수역,23,904.0
178568,178568,20190213,D-03,약수역->금호역,23,979.0
4661,4661,20190214,D-03,금호역->약수역,0,631.0
4689,4689,20190214,D-03,약수역->금호역,0,757.0
12221,12221,20190214,D-03,금호역->약수역,1,489.0
12249,12249,20190214,D-03,약수역->금호역,1,601.0
19781,19781,20190214,D-03,금호역->약수역,2,424.0
19809,19809,20190214,D-03,약수역->금호역,2,507.0
27341,27341,20190214,D-03,금호역->약수역,3,365.0
27369,27369,20190214,D-03,약수역->금호역,3,410.0
34901,34901,20190214,D-03,금호역->약수역,4,399.0
34929,34929,20190214,D-03,약수역->금호역,4,414.0
42461,42461,20190214,D-03,금호역->약수역,5,486.0
42489,42489,20190214,D-03,약수역->금호역,5,544.0
50021,50021,20190214,D-03,금호역->약수역,6,1076.0
50049,50049,20190214,D-03,약수역->금호역,6,767.0
57581,57581,20190214,D-03,금호역->약수역,7,2117.0
57609,57609,20190214,D-03,약수역->금호역,7,1777.0
65141,65141,20190214,D-03,금호역->약수역,8,2307.0
65169,65169,20190214,D-03,약수역->금호역,8,2005.0
72701,72701,20190214,D-03,금호역->약수역,9,2142.0
72729,72729,20190214,D-03,약수역->금호역,9,2044.0
80261,80261,20190214,D-03,금호역->약수역,10,2069.0
80289,80289,20190214,D-03,약수역->금호역,10,1932.0
87821,87821,20190214,D-03,금호역->약수역,11,2096.0
87849,87849,20190214,D-03,약수역->금호역,11,1723.0
95381,95381,20190214,D-03,금호역->약수역,12,1866.0
95409,95409,20190214,D-03,약수역->금호역,12,1738.0
102941,102941,20190214,D-03,금호역->약수역,13,1875.0
102969,102969,20190214,D-03,약수역->금호역,13,1997.0
110501,110501,20190214,D-03,금호역->약수역,14,1902.0
110529,110529,20190214,D-03,약수역->금호역,14,2118.0
118061,118061,20190214,D-03,금호역->약수역,15,1834.0
118089,118089,20190214,D-03,약수역->금호역,15,1856.0
125621,125621,20190214,D-03,금호역->약수역,16,1752.0
125649,125649,20190214,D-03,약수역->금호역,16,1631.0
133181,133181,20190214,D-03,금호역->약수역,17,1802.0
133209,133209,20190214,D-03,약수역->금호역,17,1823.0
140741,140741,20190214,D-03,금호역->약수역,18,1724.0
140769,140769,20190214,D-03,약수역->금호역,18,2000.0
148301,148301,20190214,D-03,금호역->약수역,19,1655.0
148329,148329,20190214,D-03,약수역->금호역,19,1844.0
155861,155861,20190214,D-03,금호역->약수역,20,1549.0
155889,155889,20190214,D-03,약수역->금호역,20,1628.0
163421,163421,20190214,D-03,금호역->약수역,21,1279.0
163449,163449,20190214,D-03,약수역->금호역,21,1658.0
170981,170981,20190214,D-03,금호역->약수역,22,1253.0
171009,171009,20190214,D-03,약수역->금호역,22,1433.0
178541,178541,20190214,D-03,금호역->약수역,23,938.0
178569,178569,20190214,D-03,약수역->금호역,23,1097.0
4662,4662,20190215,D-03,금호역->약수역,0,695.0
4690,4690,20190215,D-03,약수역->금호역,0,902.0
12222,12222,20190215,D-03,금호역->약수역,1,618.0
12250,12250,20190215,D-03,약수역->금호역,1,670.0
19782,19782,20190215,D-03,금호역->약수역,2,488.0
19810,19810,20190215,D-03,약수역->금호역,2,562.0
27342,27342,20190215,D-03,금호역->약수역,3,377.0
27370,27370,20190215,D-03,약수역->금호역,3,397.0
34902,34902,20190215,D-03,금호역->약수역,4,388.0
34930,34930,20190215,D-03,약수역->금호역,4,454.0
42462,42462,20190215,D-03,금호역->약수역,5,496.0
42490,42490,20190215,D-03,약수역->금호역,5,567.0
50022,50022,20190215,D-03,금호역->약수역,6,961.0
50050,50050,20190215,D-03,약수역->금호역,6,766.0
57582,57582,20190215,D-03,금호역->약수역,7,1436.0
57610,57610,20190215,D-03,약수역->금호역,7,1540.0
65142,65142,20190215,D-03,금호역->약수역,8,1309.0
65170,65170,20190215,D-03,약수역->금호역,8,1309.0
72702,72702,20190215,D-03,금호역->약수역,9,1698.0
72730,72730,20190215,D-03,약수역->금호역,9,1526.0
80262,80262,20190215,D-03,금호역->약수역,10,2023.0
80290,80290,20190215,D-03,약수역->금호역,10,1791.0
87822,87822,20190215,D-03,금호역->약수역,11,2019.0
87850,87850,20190215,D-03,약수역->금호역,11,1653.0
95382,95382,20190215,D-03,금호역->약수역,12,1856.0
95410,95410,20190215,D-03,약수역->금호역,12,1772.0
102942,102942,20190215,D-03,금호역->약수역,13,1844.0
102970,102970,20190215,D-03,약수역->금호역,13,2059.0
110502,110502,20190215,D-03,금호역->약수역,14,1861.0
110530,110530,20190215,D-03,약수역->금호역,14,2186.0
118062,118062,20190215,D-03,금호역->약수역,15,1684.0
118090,118090,20190215,D-03,약수역->금호역,15,1921.0
125622,125622,20190215,D-03,금호역->약수역,16,1681.0
125650,125650,20190215,D-03,약수역->금호역,16,1865.0
133182,133182,20190215,D-03,금호역->약수역,17,1813.0
133210,133210,20190215,D-03,약수역->금호역,17,1871.0
140742,140742,20190215,D-03,금호역->약수역,18,1700.0
140770,140770,20190215,D-03,약수역->금호역,18,1863.0
148302,148302,20190215,D-03,금호역->약수역,19,1598.0
148330,148330,20190215,D-03,약수역->금호역,19,1792.0
155862,155862,20190215,D-03,금호역->약수역,20,1377.0
155890,155890,20190215,D-03,약수역->금호역,20,1604.0
163422,163422,20190215,D-03,금호역->약수역,21,1236.0
163450,163450,20190215,D-03,약수역->금호역,21,1494.0
170982,170982,20190215,D-03,금호역->약수역,22,1196.0
171010,171010,20190215,D-03,약수역->금호역,22,1311.0
178542,178542,20190215,D-03,금호역->약수역,23,989.0
178570,178570,20190215,D-03,약수역->금호역,23,1090.0
4663,4663,20190216,D-03,금호역->약수역,0,717.0
4691,4691,20190216,D-03,약수역->금호역,0,833.0
12223,12223,20190216,D-03,금호역->약수역,1,613.0
12251,12251,20190216,D-03,약수역->금호역,1,669.0
19783,19783,20190216,D-03,금호역->약수역,2,428.0
19811,19811,20190216,D-03,약수역->금호역,2,605.0
27343,27343,20190216,D-03,금호역->약수역,3,382.0
27371,27371,20190216,D-03,약수역->금호역,3,487.0
34903,34903,20190216,D-03,금호역->약수역,4,385.0
34931,34931,20190216,D-03,약수역->금호역,4,460.0
42463,42463,20190216,D-03,금호역->약수역,5,465.0
42491,42491,20190216,D-03,약수역->금호역,5,600.0
50023,50023,20190216,D-03,금호역->약수역,6,630.0
50051,50051,20190216,D-03,약수역->금호역,6,649.0
57583,57583,20190216,D-03,금호역->약수역,7,985.0
57611,57611,20190216,D-03,약수역->금호역,7,796.0
65143,65143,20190216,D-03,금호역->약수역,8,1470.0
65171,65171,20190216,D-03,약수역->금호역,8,1207.0
72703,72703,20190216,D-03,금호역->약수역,9,1691.0
72731,72731,20190216,D-03,약수역->금호역,9,1551.0
80263,80263,20190216,D-03,금호역->약수역,10,1795.0
80291,80291,20190216,D-03,약수역->금호역,10,1715.0
87823,87823,20190216,D-03,금호역->약수역,11,2022.0
87851,87851,20190216,D-03,약수역->금호역,11,1716.0
95383,95383,20190216,D-03,금호역->약수역,12,1899.0
95411,95411,20190216,D-03,약수역->금호역,12,1901.0
102943,102943,20190216,D-03,금호역->약수역,13,1932.0
102971,102971,20190216,D-03,약수역->금호역,13,1912.0
110503,110503,20190216,D-03,금호역->약수역,14,1791.0
110531,110531,20190216,D-03,약수역->금호역,14,2122.0
118063,118063,20190216,D-03,금호역->약수역,15,1818.0
118091,118091,20190216,D-03,약수역->금호역,15,1796.0
125623,125623,20190216,D-03,금호역->약수역,16,1823.0
125651,125651,20190216,D-03,약수역->금호역,16,1681.0
133183,133183,20190216,D-03,금호역->약수역,17,1769.0
133211,133211,20190216,D-03,약수역->금호역,17,1509.0
140743,140743,20190216,D-03,금호역->약수역,18,1705.0
140771,140771,20190216,D-03,약수역->금호역,18,2004.0
148303,148303,20190216,D-03,금호역->약수역,19,1667.0
148331,148331,20190216,D-03,약수역->금호역,19,1384.0
155863,155863,20190216,D-03,금호역->약수역,20,1270.0
155891,155891,20190216,D-03,약수역->금호역,20,1394.0
163423,163423,20190216,D-03,금호역->약수역,21,1084.0
163451,163451,20190216,D-03,약수역->금호역,21,1401.0
170983,170983,20190216,D-03,금호역->약수역,22,1103.0
171011,171011,20190216,D-03,약수역->금호역,22,1219.0
178543,178543,20190216,D-03,금호역->약수역,23,824.0
178571,178571,20190216,D-03,약수역->금호역,23,980.0
4664,4664,20190217,D-03,금호역->약수역,0,608.0
4692,4692,20190217,D-03,약수역->금호역,0,780.0
12224,12224,20190217,D-03,금호역->약수역,1,510.0
12252,12252,20190217,D-03,약수역->금호역,1,569.0
19784,19784,20190217,D-03,금호역->약수역,2,380.0
19812,19812,20190217,D-03,약수역->금호역,2,405.0
27344,27344,20190217,D-03,금호역->약수역,3,324.0
27372,27372,20190217,D-03,약수역->금호역,3,300.0
34904,34904,20190217,D-03,금호역->약수역,4,244.0
34932,34932,20190217,D-03,약수역->금호역,4,256.0
42464,42464,20190217,D-03,금호역->약수역,5,258.0
42492,42492,20190217,D-03,약수역->금호역,5,253.0
50024,50024,20190217,D-03,금호역->약수역,6,424.0
50052,50052,20190217,D-03,약수역->금호역,6,358.0
57584,57584,20190217,D-03,금호역->약수역,7,638.0
57612,57612,20190217,D-03,약수역->금호역,7,463.0
65144,65144,20190217,D-03,금호역->약수역,8,1024.0
65172,65172,20190217,D-03,약수역->금호역,8,814.0
72704,72704,20190217,D-03,금호역->약수역,9,1380.0
72732,72732,20190217,D-03,약수역->금호역,9,1056.0
80264,80264,20190217,D-03,금호역->약수역,10,1658.0
80292,80292,20190217,D-03,약수역->금호역,10,1293.0
87824,87824,20190217,D-03,금호역->약수역,11,1768.0
87852,87852,20190217,D-03,약수역->금호역,11,1337.0
95384,95384,20190217,D-03,금호역->약수역,12,1688.0
95412,95412,20190217,D-03,약수역->금호역,12,1441.0
102944,102944,20190217,D-03,금호역->약수역,13,1778.0
102972,102972,20190217,D-03,약수역->금호역,13,1651.0
110504,110504,20190217,D-03,금호역->약수역,14,1789.0
110532,110532,20190217,D-03,약수역->금호역,14,1777.0
118064,118064,20190217,D-03,금호역->약수역,15,1693.0
118092,118092,20190217,D-03,약수역->금호역,15,1794.0
125624,125624,20190217,D-03,금호역->약수역,16,1628.0
125652,125652,20190217,D-03,약수역->금호역,16,2069.0
133184,133184,20190217,D-03,금호역->약수역,17,1597.0
133212,133212,20190217,D-03,약수역->금호역,17,1865.0
140744,140744,20190217,D-03,금호역->약수역,18,1515.0
140772,140772,20190217,D-03,약수역->금호역,18,1484.0
148304,148304,20190217,D-03,금호역->약수역,19,1329.0
148332,148332,20190217,D-03,약수역->금호역,19,1358.0
155864,155864,20190217,D-03,금호역->약수역,20,1162.0
155892,155892,20190217,D-03,약수역->금호역,20,1289.0
163424,163424,20190217,D-03,금호역->약수역,21,1077.0
163452,163452,20190217,D-03,약수역->금호역,21,1026.0
170984,170984,20190217,D-03,금호역->약수역,22,936.0
171012,171012,20190217,D-03,약수역->금호역,22,950.0
178544,178544,20190217,D-03,금호역->약수역,23,739.0
178572,178572,20190217,D-03,약수역->금호역,23,742.0
4665,4665,20190218,D-03,금호역->약수역,0,538.0
4693,4693,20190218,D-03,약수역->금호역,0,646.0
12225,12225,20190218,D-03,금호역->약수역,1,375.0
12253,12253,20190218,D-03,약수역->금호역,1,459.0
19785,19785,20190218,D-03,금호역->약수역,2,273.0
19813,19813,20190218,D-03,약수역->금호역,2,350.0
27345,27345,20190218,D-03,금호역->약수역,3,230.0
27373,27373,20190218,D-03,약수역->금호역,3,310.0
34905,34905,20190218,D-03,금호역->약수역,4,328.0
34933,34933,20190218,D-03,약수역->금호역,4,372.0
42465,42465,20190218,D-03,금호역->약수역,5,540.0
42493,42493,20190218,D-03,약수역->금호역,5,511.0
50025,50025,20190218,D-03,금호역->약수역,6,1193.0
50053,50053,20190218,D-03,약수역->금호역,6,899.0
57585,57585,20190218,D-03,금호역->약수역,7,2092.0
57613,57613,20190218,D-03,약수역->금호역,7,1992.0
65145,65145,20190218,D-03,금호역->약수역,8,2277.0
65173,65173,20190218,D-03,약수역->금호역,8,1771.0
72705,72705,20190218,D-03,금호역->약수역,9,2093.0
72733,72733,20190218,D-03,약수역->금호역,9,1867.0
80265,80265,20190218,D-03,금호역->약수역,10,2048.0
80293,80293,20190218,D-03,약수역->금호역,10,1892.0
87825,87825,20190218,D-03,금호역->약수역,11,2097.0
87853,87853,20190218,D-03,약수역->금호역,11,1881.0
95385,95385,20190218,D-03,금호역->약수역,12,1887.0
95413,95413,20190218,D-03,약수역->금호역,12,1710.0
102945,102945,20190218,D-03,금호역->약수역,13,1879.0
102973,102973,20190218,D-03,약수역->금호역,13,2011.0
110505,110505,20190218,D-03,금호역->약수역,14,1873.0
110533,110533,20190218,D-03,약수역->금호역,14,2129.0
118065,118065,20190218,D-03,금호역->약수역,15,1901.0
118093,118093,20190218,D-03,약수역->금호역,15,2004.0
125625,125625,20190218,D-03,금호역->약수역,16,1683.0
125653,125653,20190218,D-03,약수역->금호역,16,2019.0
133185,133185,20190218,D-03,금호역->약수역,17,1716.0
133213,133213,20190218,D-03,약수역->금호역,17,2181.0
140745,140745,20190218,D-03,금호역->약수역,18,1596.0
140773,140773,20190218,D-03,약수역->금호역,18,2059.0
148305,148305,20190218,D-03,금호역->약수역,19,1474.0
148333,148333,20190218,D-03,약수역->금호역,19,1883.0
155865,155865,20190218,D-03,금호역->약수역,20,1334.0
155893,155893,20190218,D-03,약수역->금호역,20,1631.0
163425,163425,20190218,D-03,금호역->약수역,21,1200.0
163453,163453,20190218,D-03,약수역->금호역,21,1549.0
170985,170985,20190218,D-03,금호역->약수역,22,1156.0
171013,171013,20190218,D-03,약수역->금호역,22,1221.0
178545,178545,20190218,D-03,금호역->약수역,23,857.0
178573,178573,20190218,D-03,약수역->금호역,23,922.0
4666,4666,20190219,D-03,금호역->약수역,0,649.0
4694,4694,20190219,D-03,약수역->금호역,0,791.0
12226,12226,20190219,D-03,금호역->약수역,1,531.0
12254,12254,20190219,D-03,약수역->금호역,1,631.0
19786,19786,20190219,D-03,금호역->약수역,2,421.0
19814,19814,20190219,D-03,약수역->금호역,2,454.0
27346,27346,20190219,D-03,금호역->약수역,3,318.0
27374,27374,20190219,D-03,약수역->금호역,3,397.0
34906,34906,20190219,D-03,금호역->약수역,4,346.0
34934,34934,20190219,D-03,약수역->금호역,4,371.0
42466,42466,20190219,D-03,금호역->약수역,5,484.0
42494,42494,20190219,D-03,약수역->금호역,5,562.0
50026,50026,20190219,D-03,금호역->약수역,6,1018.0
50054,50054,20190219,D-03,약수역->금호역,6,738.0
57586,57586,20190219,D-03,금호역->약수역,7,1940.0
57614,57614,20190219,D-03,약수역->금호역,7,1649.0
65146,65146,20190219,D-03,금호역->약수역,8,2040.0
65174,65174,20190219,D-03,약수역->금호역,8,1649.0
72706,72706,20190219,D-03,금호역->약수역,9,1735.0
72734,72734,20190219,D-03,약수역->금호역,9,1692.0
80266,80266,20190219,D-03,금호역->약수역,10,1739.0
80294,80294,20190219,D-03,약수역->금호역,10,1673.0
87826,87826,20190219,D-03,금호역->약수역,11,1722.0
87854,87854,20190219,D-03,약수역->금호역,11,1570.0
95386,95386,20190219,D-03,금호역->약수역,12,1675.0
95414,95414,20190219,D-03,약수역->금호역,12,1465.0
102946,102946,20190219,D-03,금호역->약수역,13,1735.0
102974,102974,20190219,D-03,약수역->금호역,13,1762.0
110506,110506,20190219,D-03,금호역->약수역,14,1797.0
110534,110534,20190219,D-03,약수역->금호역,14,1840.0
118066,118066,20190219,D-03,금호역->약수역,15,1807.0
118094,118094,20190219,D-03,약수역->금호역,15,1801.0
125626,125626,20190219,D-03,금호역->약수역,16,1672.0
125654,125654,20190219,D-03,약수역->금호역,16,1773.0
133186,133186,20190219,D-03,금호역->약수역,17,1522.0
133214,133214,20190219,D-03,약수역->금호역,17,1801.0
140746,140746,20190219,D-03,금호역->약수역,18,1498.0
140774,140774,20190219,D-03,약수역->금호역,18,1917.0
148306,148306,20190219,D-03,금호역->약수역,19,1352.0
148334,148334,20190219,D-03,약수역->금호역,19,1583.0
155866,155866,20190219,D-03,금호역->약수역,20,1222.0
155894,155894,20190219,D-03,약수역->금호역,20,1508.0
163426,163426,20190219,D-03,금호역->약수역,21,1230.0
163454,163454,20190219,D-03,약수역->금호역,21,1478.0
170986,170986,20190219,D-03,금호역->약수역,22,1091.0
171014,171014,20190219,D-03,약수역->금호역,22,1252.0
178546,178546,20190219,D-03,금호역->약수역,23,800.0
178574,178574,20190219,D-03,약수역->금호역,23,922.0
4667,4667,20190220,D-03,금호역->약수역,0,599.0
4695,4695,20190220,D-03,약수역->금호역,0,723.0
12227,12227,20190220,D-03,금호역->약수역,1,543.0
12255,12255,20190220,D-03,약수역->금호역,1,594.0
19787,19787,20190220,D-03,금호역->약수역,2,424.0
19815,19815,20190220,D-03,약수역->금호역,2,503.0
27347,27347,20190220,D-03,금호역->약수역,3,362.0
27375,27375,20190220,D-03,약수역->금호역,3,366.0
34907,34907,20190220,D-03,금호역->약수역,4,372.0
34935,34935,20190220,D-03,약수역->금호역,4,410.0
42467,42467,20190220,D-03,금호역->약수역,5,465.0
42495,42495,20190220,D-03,약수역->금호역,5,562.0
50027,50027,20190220,D-03,금호역->약수역,6,1063.0
50055,50055,20190220,D-03,약수역->금호역,6,788.0
57587,57587,20190220,D-03,금호역->약수역,7,2034.0
57615,57615,20190220,D-03,약수역->금호역,7,1717.0
65147,65147,20190220,D-03,금호역->약수역,8,2302.0
65175,65175,20190220,D-03,약수역->금호역,8,1880.0
72707,72707,20190220,D-03,금호역->약수역,9,2015.0
72735,72735,20190220,D-03,약수역->금호역,9,1978.0
80267,80267,20190220,D-03,금호역->약수역,10,2037.0
80295,80295,20190220,D-03,약수역->금호역,10,1958.0
87827,87827,20190220,D-03,금호역->약수역,11,2045.0
87855,87855,20190220,D-03,약수역->금호역,11,1730.0
95387,95387,20190220,D-03,금호역->약수역,12,1903.0
95415,95415,20190220,D-03,약수역->금호역,12,1853.0
102947,102947,20190220,D-03,금호역->약수역,13,1957.0
102975,102975,20190220,D-03,약수역->금호역,13,2028.0
110507,110507,20190220,D-03,금호역->약수역,14,1937.0
110535,110535,20190220,D-03,약수역->금호역,14,2068.0
118067,118067,20190220,D-03,금호역->약수역,15,1878.0
118095,118095,20190220,D-03,약수역->금호역,15,1942.0
125627,125627,20190220,D-03,금호역->약수역,16,1803.0
125655,125655,20190220,D-03,약수역->금호역,16,2177.0
133187,133187,20190220,D-03,금호역->약수역,17,1890.0
133215,133215,20190220,D-03,약수역->금호역,17,2127.0
140747,140747,20190220,D-03,금호역->약수역,18,1822.0
140775,140775,20190220,D-03,약수역->금호역,18,2165.0
148307,148307,20190220,D-03,금호역->약수역,19,1591.0
148335,148335,20190220,D-03,약수역->금호역,19,1849.0
155867,155867,20190220,D-03,금호역->약수역,20,1343.0
155895,155895,20190220,D-03,약수역->금호역,20,1632.0
163427,163427,20190220,D-03,금호역->약수역,21,1261.0
163455,163455,20190220,D-03,약수역->금호역,21,1618.0
170987,170987,20190220,D-03,금호역->약수역,22,1156.0
171015,171015,20190220,D-03,약수역->금호역,22,1243.0
178547,178547,20190220,D-03,금호역->약수역,23,902.0
178575,178575,20190220,D-03,약수역->금호역,23,936.0
4668,4668,20190221,D-03,금호역->약수역,0,625.0
4696,4696,20190221,D-03,약수역->금호역,0,851.0
12228,12228,20190221,D-03,금호역->약수역,1,543.0
12256,12256,20190221,D-03,약수역->금호역,1,600.0
19788,19788,20190221,D-03,금호역->약수역,2,445.0
19816,19816,20190221,D-03,약수역->금호역,2,501.0
27348,27348,20190221,D-03,금호역->약수역,3,386.0
27376,27376,20190221,D-03,약수역->금호역,3,413.0
34908,34908,20190221,D-03,금호역->약수역,4,397.0
34936,34936,20190221,D-03,약수역->금호역,4,399.0
42468,42468,20190221,D-03,금호역->약수역,5,529.0
42496,42496,20190221,D-03,약수역->금호역,5,595.0
50028,50028,20190221,D-03,금호역->약수역,6,1094.0
50056,50056,20190221,D-03,약수역->금호역,6,823.0
57588,57588,20190221,D-03,금호역->약수역,7,2053.0
57616,57616,20190221,D-03,약수역->금호역,7,1732.0
65148,65148,20190221,D-03,금호역->약수역,8,2250.0
65176,65176,20190221,D-03,약수역->금호역,8,1950.0
72708,72708,20190221,D-03,금호역->약수역,9,2139.0
72736,72736,20190221,D-03,약수역->금호역,9,1758.0
80268,80268,20190221,D-03,금호역->약수역,10,2066.0
80296,80296,20190221,D-03,약수역->금호역,10,1970.0
87828,87828,20190221,D-03,금호역->약수역,11,2051.0
87856,87856,20190221,D-03,약수역->금호역,11,1647.0
95388,95388,20190221,D-03,금호역->약수역,12,1939.0
95416,95416,20190221,D-03,약수역->금호역,12,1801.0
102948,102948,20190221,D-03,금호역->약수역,13,1944.0
102976,102976,20190221,D-03,약수역->금호역,13,2043.0
110508,110508,20190221,D-03,금호역->약수역,14,1930.0
110536,110536,20190221,D-03,약수역->금호역,14,2119.0
118068,118068,20190221,D-03,금호역->약수역,15,1970.0
118096,118096,20190221,D-03,약수역->금호역,15,1929.0
125628,125628,20190221,D-03,금호역->약수역,16,1789.0
125656,125656,20190221,D-03,약수역->금호역,16,1395.0
133188,133188,20190221,D-03,금호역->약수역,17,1752.0
133216,133216,20190221,D-03,약수역->금호역,17,1423.0
140748,140748,20190221,D-03,금호역->약수역,18,1621.0
140776,140776,20190221,D-03,약수역->금호역,18,2096.0
148308,148308,20190221,D-03,금호역->약수역,19,1457.0
148336,148336,20190221,D-03,약수역->금호역,19,2073.0
155868,155868,20190221,D-03,금호역->약수역,20,1432.0
155896,155896,20190221,D-03,약수역->금호역,20,1750.0
163428,163428,20190221,D-03,금호역->약수역,21,1381.0
163456,163456,20190221,D-03,약수역->금호역,21,1831.0
170988,170988,20190221,D-03,금호역->약수역,22,1244.0
171016,171016,20190221,D-03,약수역->금호역,22,1479.0
178548,178548,20190221,D-03,금호역->약수역,23,958.0
178576,178576,20190221,D-03,약수역->금호역,23,1019.0
4669,4669,20190222,D-03,금호역->약수역,0,688.0
4697,4697,20190222,D-03,약수역->금호역,0,886.0
12229,12229,20190222,D-03,금호역->약수역,1,534.0
12257,12257,20190222,D-03,약수역->금호역,1,652.0
19789,19789,20190222,D-03,금호역->약수역,2,491.0
19817,19817,20190222,D-03,약수역->금호역,2,546.0
27349,27349,20190222,D-03,금호역->약수역,3,414.0
27377,27377,20190222,D-03,약수역->금호역,3,464.0
34909,34909,20190222,D-03,금호역->약수역,4,418.0
34937,34937,20190222,D-03,약수역->금호역,4,429.0
42469,42469,20190222,D-03,금호역->약수역,5,518.0
42497,42497,20190222,D-03,약수역->금호역,5,574.0
50029,50029,20190222,D-03,금호역->약수역,6,1053.0
50057,50057,20190222,D-03,약수역->금호역,6,779.0
57589,57589,20190222,D-03,금호역->약수역,7,2024.0
57617,57617,20190222,D-03,약수역->금호역,7,1693.0
65149,65149,20190222,D-03,금호역->약수역,8,2291.0
65177,65177,20190222,D-03,약수역->금호역,8,1962.0
72709,72709,20190222,D-03,금호역->약수역,9,2161.0
72737,72737,20190222,D-03,약수역->금호역,9,2092.0
80269,80269,20190222,D-03,금호역->약수역,10,2053.0
80297,80297,20190222,D-03,약수역->금호역,10,1957.0
87829,87829,20190222,D-03,금호역->약수역,11,1963.0
87857,87857,20190222,D-03,약수역->금호역,11,1769.0
95389,95389,20190222,D-03,금호역->약수역,12,1957.0
95417,95417,20190222,D-03,약수역->금호역,12,1856.0
102949,102949,20190222,D-03,금호역->약수역,13,1958.0
102977,102977,20190222,D-03,약수역->금호역,13,2043.0
110509,110509,20190222,D-03,금호역->약수역,14,1822.0
110537,110537,20190222,D-03,약수역->금호역,14,2118.0
118069,118069,20190222,D-03,금호역->약수역,15,1793.0
118097,118097,20190222,D-03,약수역->금호역,15,1959.0
125629,125629,20190222,D-03,금호역->약수역,16,1848.0
125657,125657,20190222,D-03,약수역->금호역,16,1890.0
133189,133189,20190222,D-03,금호역->약수역,17,1716.0
133217,133217,20190222,D-03,약수역->금호역,17,2093.0
140749,140749,20190222,D-03,금호역->약수역,18,1774.0
140777,140777,20190222,D-03,약수역->금호역,18,1995.0
148309,148309,20190222,D-03,금호역->약수역,19,1628.0
148337,148337,20190222,D-03,약수역->금호역,19,2016.0
155869,155869,20190222,D-03,금호역->약수역,20,1610.0
155897,155897,20190222,D-03,약수역->금호역,20,1729.0
163429,163429,20190222,D-03,금호역->약수역,21,1420.0
163457,163457,20190222,D-03,약수역->금호역,21,1742.0
170989,170989,20190222,D-03,금호역->약수역,22,1436.0
171017,171017,20190222,D-03,약수역->금호역,22,1510.0
178549,178549,20190222,D-03,금호역->약수역,23,1068.0
178577,178577,20190222,D-03,약수역->금호역,23,1150.0
4670,4670,20190223,D-03,금호역->약수역,0,745.0
4698,4698,20190223,D-03,약수역->금호역,0,966.0
12230,12230,20190223,D-03,금호역->약수역,1,609.0
12258,12258,20190223,D-03,약수역->금호역,1,802.0
19790,19790,20190223,D-03,금호역->약수역,2,502.0
19818,19818,20190223,D-03,약수역->금호역,2,686.0
27350,27350,20190223,D-03,금호역->약수역,3,395.0
27378,27378,20190223,D-03,약수역->금호역,3,587.0
34910,34910,20190223,D-03,금호역->약수역,4,432.0
34938,34938,20190223,D-03,약수역->금호역,4,469.0
42470,42470,20190223,D-03,금호역->약수역,5,503.0
42498,42498,20190223,D-03,약수역->금호역,5,659.0
50030,50030,20190223,D-03,금호역->약수역,6,666.0
50058,50058,20190223,D-03,약수역->금호역,6,671.0
57590,57590,20190223,D-03,금호역->약수역,7,1025.0
57618,57618,20190223,D-03,약수역->금호역,7,908.0
65150,65150,20190223,D-03,금호역->약수역,8,1478.0
65178,65178,20190223,D-03,약수역->금호역,8,1236.0
72710,72710,20190223,D-03,금호역->약수역,9,1653.0
72738,72738,20190223,D-03,약수역->금호역,9,1611.0
80270,80270,20190223,D-03,금호역->약수역,10,1438.0
80298,80298,20190223,D-03,약수역->금호역,10,1723.0
87830,87830,20190223,D-03,금호역->약수역,11,1682.0
87858,87858,20190223,D-03,약수역->금호역,11,1769.0
95390,95390,20190223,D-03,금호역->약수역,12,1679.0
95418,95418,20190223,D-03,약수역->금호역,12,1711.0
102950,102950,20190223,D-03,금호역->약수역,13,1700.0
102978,102978,20190223,D-03,약수역->금호역,13,1925.0
110510,110510,20190223,D-03,금호역->약수역,14,1653.0
110538,110538,20190223,D-03,약수역->금호역,14,2055.0
118070,118070,20190223,D-03,금호역->약수역,15,1605.0
118098,118098,20190223,D-03,약수역->금호역,15,2030.0
125630,125630,20190223,D-03,금호역->약수역,16,1529.0
125658,125658,20190223,D-03,약수역->금호역,16,1926.0
133190,133190,20190223,D-03,금호역->약수역,17,1700.0
133218,133218,20190223,D-03,약수역->금호역,17,2055.0
140750,140750,20190223,D-03,금호역->약수역,18,1763.0
140778,140778,20190223,D-03,약수역->금호역,18,1682.0
148310,148310,20190223,D-03,금호역->약수역,19,1673.0
148338,148338,20190223,D-03,약수역->금호역,19,1565.0
155870,155870,20190223,D-03,금호역->약수역,20,1451.0
155898,155898,20190223,D-03,약수역->금호역,20,1487.0
163430,163430,20190223,D-03,금호역->약수역,21,1358.0
163458,163458,20190223,D-03,약수역->금호역,21,1440.0
170990,170990,20190223,D-03,금호역->약수역,22,1181.0
171018,171018,20190223,D-03,약수역->금호역,22,1218.0
178550,178550,20190223,D-03,금호역->약수역,23,834.0
178578,178578,20190223,D-03,약수역->금호역,23,1054.0
4671,4671,20190224,D-03,금호역->약수역,0,668.0
4699,4699,20190224,D-03,약수역->금호역,0,829.0
12231,12231,20190224,D-03,금호역->약수역,1,525.0
12259,12259,20190224,D-03,약수역->금호역,1,629.0
19791,19791,20190224,D-03,금호역->약수역,2,366.0
19819,19819,20190224,D-03,약수역->금호역,2,421.0
27351,27351,20190224,D-03,금호역->약수역,3,269.0
27379,27379,20190224,D-03,약수역->금호역,3,335.0
34911,34911,20190224,D-03,금호역->약수역,4,250.0
34939,34939,20190224,D-03,약수역->금호역,4,260.0
42471,42471,20190224,D-03,금호역->약수역,5,287.0
42499,42499,20190224,D-03,약수역->금호역,5,261.0
50031,50031,20190224,D-03,금호역->약수역,6,494.0
50059,50059,20190224,D-03,약수역->금호역,6,367.0
57591,57591,20190224,D-03,금호역->약수역,7,694.0
57619,57619,20190224,D-03,약수역->금호역,7,473.0
65151,65151,20190224,D-03,금호역->약수역,8,1069.0
65179,65179,20190224,D-03,약수역->금호역,8,829.0
72711,72711,20190224,D-03,금호역->약수역,9,1386.0
72739,72739,20190224,D-03,약수역->금호역,9,1030.0
80271,80271,20190224,D-03,금호역->약수역,10,1696.0
80299,80299,20190224,D-03,약수역->금호역,10,1294.0
87831,87831,20190224,D-03,금호역->약수역,11,1921.0
87859,87859,20190224,D-03,약수역->금호역,11,1356.0
95391,95391,20190224,D-03,금호역->약수역,12,1822.0
95419,95419,20190224,D-03,약수역->금호역,12,1429.0
102951,102951,20190224,D-03,금호역->약수역,13,1827.0
102979,102979,20190224,D-03,약수역->금호역,13,1710.0
110511,110511,20190224,D-03,금호역->약수역,14,1801.0
110539,110539,20190224,D-03,약수역->금호역,14,1918.0
118071,118071,20190224,D-03,금호역->약수역,15,1783.0
118099,118099,20190224,D-03,약수역->금호역,15,1865.0
125631,125631,20190224,D-03,금호역->약수역,16,1741.0
125659,125659,20190224,D-03,약수역->금호역,16,2076.0
133191,133191,20190224,D-03,금호역->약수역,17,1694.0
133219,133219,20190224,D-03,약수역->금호역,17,1960.0
140751,140751,20190224,D-03,금호역->약수역,18,1572.0
140779,140779,20190224,D-03,약수역->금호역,18,1533.0
148311,148311,20190224,D-03,금호역->약수역,19,1373.0
148339,148339,20190224,D-03,약수역->금호역,19,1362.0
155871,155871,20190224,D-03,금호역->약수역,20,1236.0
155899,155899,20190224,D-03,약수역->금호역,20,1320.0
163431,163431,20190224,D-03,금호역->약수역,21,1128.0
163459,163459,20190224,D-03,약수역->금호역,21,1141.0
170991,170991,20190224,D-03,금호역->약수역,22,958.0
171019,171019,20190224,D-03,약수역->금호역,22,925.0
178551,178551,20190224,D-03,금호역->약수역,23,741.0
178579,178579,20190224,D-03,약수역->금호역,23,824.0
4672,4672,20190225,D-03,금호역->약수역,0,530.0
4700,4700,20190225,D-03,약수역->금호역,0,652.0
12232,12232,20190225,D-03,금호역->약수역,1,392.0
12260,12260,20190225,D-03,약수역->금호역,1,449.0
19792,19792,20190225,D-03,금호역->약수역,2,291.0
19820,19820,20190225,D-03,약수역->금호역,2,372.0
27352,27352,20190225,D-03,금호역->약수역,3,246.0
27380,27380,20190225,D-03,약수역->금호역,3,298.0
34912,34912,20190225,D-03,금호역->약수역,4,287.0
34940,34940,20190225,D-03,약수역->금호역,4,338.0
42472,42472,20190225,D-03,금호역->약수역,5,498.0
42500,42500,20190225,D-03,약수역->금호역,5,533.0
50032,50032,20190225,D-03,금호역->약수역,6,1246.0
50060,50060,20190225,D-03,약수역->금호역,6,843.0
57592,57592,20190225,D-03,금호역->약수역,7,2035.0
57620,57620,20190225,D-03,약수역->금호역,7,1918.0
65152,65152,20190225,D-03,금호역->약수역,8,2306.0
65180,65180,20190225,D-03,약수역->금호역,8,1887.0
72712,72712,20190225,D-03,금호역->약수역,9,2173.0
72740,72740,20190225,D-03,약수역->금호역,9,1729.0
80272,80272,20190225,D-03,금호역->약수역,10,2114.0
80300,80300,20190225,D-03,약수역->금호역,10,1923.0
87832,87832,20190225,D-03,금호역->약수역,11,2039.0
87860,87860,20190225,D-03,약수역->금호역,11,1756.0
95392,95392,20190225,D-03,금호역->약수역,12,1870.0
95420,95420,20190225,D-03,약수역->금호역,12,1807.0
102952,102952,20190225,D-03,금호역->약수역,13,1947.0
102980,102980,20190225,D-03,약수역->금호역,13,2053.0
110512,110512,20190225,D-03,금호역->약수역,14,1891.0
110540,110540,20190225,D-03,약수역->금호역,14,2125.0
118072,118072,20190225,D-03,금호역->약수역,15,1778.0
118100,118100,20190225,D-03,약수역->금호역,15,2122.0
125632,125632,20190225,D-03,금호역->약수역,16,1767.0
125660,125660,20190225,D-03,약수역->금호역,16,2126.0
133192,133192,20190225,D-03,금호역->약수역,17,1735.0
133220,133220,20190225,D-03,약수역->금호역,17,2150.0
140752,140752,20190225,D-03,금호역->약수역,18,1713.0
140780,140780,20190225,D-03,약수역->금호역,18,2141.0
148312,148312,20190225,D-03,금호역->약수역,19,1575.0
148340,148340,20190225,D-03,약수역->금호역,19,1868.0
155872,155872,20190225,D-03,금호역->약수역,20,1409.0
155900,155900,20190225,D-03,약수역->금호역,20,1653.0
163432,163432,20190225,D-03,금호역->약수역,21,1283.0
163460,163460,20190225,D-03,약수역->금호역,21,1624.0
170992,170992,20190225,D-03,금호역->약수역,22,1169.0
171020,171020,20190225,D-03,약수역->금호역,22,1326.0
178552,178552,20190225,D-03,금호역->약수역,23,883.0
178580,178580,20190225,D-03,약수역->금호역,23,1038.0
4673,4673,20190226,D-03,금호역->약수역,0,670.0
4701,4701,20190226,D-03,약수역->금호역,0,781.0
12233,12233,20190226,D-03,금호역->약수역,1,508.0
12261,12261,20190226,D-03,약수역->금호역,1,644.0
19793,19793,20190226,D-03,금호역->약수역,2,422.0
19821,19821,20190226,D-03,약수역->금호역,2,526.0
27353,27353,20190226,D-03,금호역->약수역,3,359.0
27381,27381,20190226,D-03,약수역->금호역,3,418.0
34913,34913,20190226,D-03,금호역->약수역,4,389.0
34941,34941,20190226,D-03,약수역->금호역,4,413.0
42473,42473,20190226,D-03,금호역->약수역,5,530.0
42501,42501,20190226,D-03,약수역->금호역,5,598.0
50033,50033,20190226,D-03,금호역->약수역,6,1123.0
50061,50061,20190226,D-03,약수역->금호역,6,818.0
57593,57593,20190226,D-03,금호역->약수역,7,2103.0
57621,57621,20190226,D-03,약수역->금호역,7,1784.0
65153,65153,20190226,D-03,금호역->약수역,8,2249.0
65181,65181,20190226,D-03,약수역->금호역,8,1922.0
72713,72713,20190226,D-03,금호역->약수역,9,2132.0
72741,72741,20190226,D-03,약수역->금호역,9,1938.0
80273,80273,20190226,D-03,금호역->약수역,10,1932.0
80301,80301,20190226,D-03,약수역->금호역,10,1855.0
87833,87833,20190226,D-03,금호역->약수역,11,1904.0
87861,87861,20190226,D-03,약수역->금호역,11,1868.0
95393,95393,20190226,D-03,금호역->약수역,12,1793.0
95421,95421,20190226,D-03,약수역->금호역,12,1762.0
102953,102953,20190226,D-03,금호역->약수역,13,1903.0
102981,102981,20190226,D-03,약수역->금호역,13,2086.0
110513,110513,20190226,D-03,금호역->약수역,14,1701.0
110541,110541,20190226,D-03,약수역->금호역,14,1930.0
118073,118073,20190226,D-03,금호역->약수역,15,1865.0
118101,118101,20190226,D-03,약수역->금호역,15,1938.0
125633,125633,20190226,D-03,금호역->약수역,16,1702.0
125661,125661,20190226,D-03,약수역->금호역,16,2004.0
133193,133193,20190226,D-03,금호역->약수역,17,1793.0
133221,133221,20190226,D-03,약수역->금호역,17,1811.0
140753,140753,20190226,D-03,금호역->약수역,18,1638.0
140781,140781,20190226,D-03,약수역->금호역,18,1948.0
148313,148313,20190226,D-03,금호역->약수역,19,1645.0
148341,148341,20190226,D-03,약수역->금호역,19,2024.0
155873,155873,20190226,D-03,금호역->약수역,20,1466.0
155901,155901,20190226,D-03,약수역->금호역,20,1755.0
163433,163433,20190226,D-03,금호역->약수역,21,1360.0
163461,163461,20190226,D-03,약수역->금호역,21,1836.0
170993,170993,20190226,D-03,금호역->약수역,22,1188.0
171021,171021,20190226,D-03,약수역->금호역,22,1445.0
178553,178553,20190226,D-03,금호역->약수역,23,925.0
178581,178581,20190226,D-03,약수역->금호역,23,1007.0
4674,4674,20190227,D-03,금호역->약수역,0,644.0
4702,4702,20190227,D-03,약수역->금호역,0,857.0
12234,12234,20190227,D-03,금호역->약수역,1,585.0
12262,12262,20190227,D-03,약수역->금호역,1,662.0
19794,19794,20190227,D-03,금호역->약수역,2,460.0
19822,19822,20190227,D-03,약수역->금호역,2,559.0
27354,27354,20190227,D-03,금호역->약수역,3,357.0
27382,27382,20190227,D-03,약수역->금호역,3,442.0
34914,34914,20190227,D-03,금호역->약수역,4,430.0
34942,34942,20190227,D-03,약수역->금호역,4,448.0
42474,42474,20190227,D-03,금호역->약수역,5,518.0
42502,42502,20190227,D-03,약수역->금호역,5,582.0
50034,50034,20190227,D-03,금호역->약수역,6,1066.0
50062,50062,20190227,D-03,약수역->금호역,6,855.0
57594,57594,20190227,D-03,금호역->약수역,7,1859.0
57622,57622,20190227,D-03,약수역->금호역,7,1748.0
65154,65154,20190227,D-03,금호역->약수역,8,2298.0
65182,65182,20190227,D-03,약수역->금호역,8,1994.0
72714,72714,20190227,D-03,금호역->약수역,9,2110.0
72742,72742,20190227,D-03,약수역->금호역,9,1878.0
80274,80274,20190227,D-03,금호역->약수역,10,1965.0
80302,80302,20190227,D-03,약수역->금호역,10,2025.0
87834,87834,20190227,D-03,금호역->약수역,11,2072.0
87862,87862,20190227,D-03,약수역->금호역,11,1815.0
95394,95394,20190227,D-03,금호역->약수역,12,1877.0
95422,95422,20190227,D-03,약수역->금호역,12,1776.0
102954,102954,20190227,D-03,금호역->약수역,13,1902.0
102982,102982,20190227,D-03,약수역->금호역,13,2095.0
110514,110514,20190227,D-03,금호역->약수역,14,1919.0
110542,110542,20190227,D-03,약수역->금호역,14,2208.0
118074,118074,20190227,D-03,금호역->약수역,15,1891.0
118102,118102,20190227,D-03,약수역->금호역,15,2181.0
125634,125634,20190227,D-03,금호역->약수역,16,1841.0
125662,125662,20190227,D-03,약수역->금호역,16,1955.0
133194,133194,20190227,D-03,금호역->약수역,17,1863.0
133222,133222,20190227,D-03,약수역->금호역,17,2189.0
140754,140754,20190227,D-03,금호역->약수역,18,1796.0
140782,140782,20190227,D-03,약수역->금호역,18,2125.0
148314,148314,20190227,D-03,금호역->약수역,19,1555.0
148342,148342,20190227,D-03,약수역->금호역,19,1819.0
155874,155874,20190227,D-03,금호역->약수역,20,1364.0
155902,155902,20190227,D-03,약수역->금호역,20,1660.0
163434,163434,20190227,D-03,금호역->약수역,21,1291.0
163462,163462,20190227,D-03,약수역->금호역,21,1633.0
170994,170994,20190227,D-03,금호역->약수역,22,1261.0
171022,171022,20190227,D-03,약수역->금호역,22,1339.0
178554,178554,20190227,D-03,금호역->약수역,23,905.0
178582,178582,20190227,D-03,약수역->금호역,23,1018.0
4675,4675,20190228,D-03,금호역->약수역,0,652.0
4703,4703,20190228,D-03,약수역->금호역,0,797.0
12235,12235,20190228,D-03,금호역->약수역,1,530.0
12263,12263,20190228,D-03,약수역->금호역,1,662.0
19795,19795,20190228,D-03,금호역->약수역,2,456.0
19823,19823,20190228,D-03,약수역->금호역,2,551.0
27355,27355,20190228,D-03,금호역->약수역,3,380.0
27383,27383,20190228,D-03,약수역->금호역,3,429.0
34915,34915,20190228,D-03,금호역->약수역,4,446.0
34943,34943,20190228,D-03,약수역->금호역,4,408.0
42475,42475,20190228,D-03,금호역->약수역,5,518.0
42503,42503,20190228,D-03,약수역->금호역,5,576.0
50035,50035,20190228,D-03,금호역->약수역,6,1098.0
50063,50063,20190228,D-03,약수역->금호역,6,808.0
57595,57595,20190228,D-03,금호역->약수역,7,2110.0
57623,57623,20190228,D-03,약수역->금호역,7,1731.0
65155,65155,20190228,D-03,금호역->약수역,8,2294.0
65183,65183,20190228,D-03,약수역->금호역,8,1955.0
72715,72715,20190228,D-03,금호역->약수역,9,2061.0
72743,72743,20190228,D-03,약수역->금호역,9,1976.0
80275,80275,20190228,D-03,금호역->약수역,10,2012.0
80303,80303,20190228,D-03,약수역->금호역,10,1988.0
87835,87835,20190228,D-03,금호역->약수역,11,2027.0
87863,87863,20190228,D-03,약수역->금호역,11,1721.0
95395,95395,20190228,D-03,금호역->약수역,12,1927.0
95423,95423,20190228,D-03,약수역->금호역,12,1864.0
102955,102955,20190228,D-03,금호역->약수역,13,1867.0
102983,102983,20190228,D-03,약수역->금호역,13,2031.0
110515,110515,20190228,D-03,금호역->약수역,14,1891.0
110543,110543,20190228,D-03,약수역->금호역,14,2160.0
118075,118075,20190228,D-03,금호역->약수역,15,1927.0
118103,118103,20190228,D-03,약수역->금호역,15,2001.0
125635,125635,20190228,D-03,금호역->약수역,16,1786.0
125663,125663,20190228,D-03,약수역->금호역,16,1951.0
133195,133195,20190228,D-03,금호역->약수역,17,1840.0
133223,133223,20190228,D-03,약수역->금호역,17,1757.0
140755,140755,20190228,D-03,금호역->약수역,18,1753.0
140783,140783,20190228,D-03,약수역->금호역,18,2011.0
148315,148315,20190228,D-03,금호역->약수역,19,1642.0
148343,148343,20190228,D-03,약수역->금호역,19,2004.0
155875,155875,20190228,D-03,금호역->약수역,20,1680.0
155903,155903,20190228,D-03,약수역->금호역,20,1839.0
163435,163435,20190228,D-03,금호역->약수역,21,1527.0
163463,163463,20190228,D-03,약수역->금호역,21,1879.0
170995,170995,20190228,D-03,금호역->약수역,22,1516.0
171023,171023,20190228,D-03,약수역->금호역,22,1457.0
178555,178555,20190228,D-03,금호역->약수역,23,1282.0
178583,178583,20190228,D-03,약수역->금호역,23,1176.0
